-- ============================================================================
--   Nexora HRMS — schema_v2.sql  (full DB dump: schema + seeded data)
-- ============================================================================
--
-- Generated by mysqldump from the working v2 dev DB on 2026-05-13.
-- This file is the staging-environment handoff: devops loads it into
-- the target MySQL 8 instance and the application starts working.
--
-- ----------------------------------------------------------------------------
--  How to apply
-- ----------------------------------------------------------------------------
--
--   1. Have an empty MySQL 8.0+ instance ready (utf8mb4 default collation).
--   2. Drop and recreate the target schema if it already exists:
--        mysql -u root -p -e "DROP DATABASE IF EXISTS nexora_hrms;"
--   3. Pipe this file into the server:
--        mysql -u root -p < schema_v2.sql
--   4. Verify (should report 36 tables, 4 employees):
--        mysql -u root -p nexora_hrms -e "SHOW TABLES; SELECT COUNT(*) FROM employees;"
--
--   The application config (apps/api/.env DATABASE_URL) should already point
--   at this schema. After loading the dump no `prisma migrate deploy` is
--   needed — the `_prisma_migrations` table is included in the dump so the
--   migration history is already in sync.
--
-- ----------------------------------------------------------------------------
--  What's in here
-- ----------------------------------------------------------------------------
--
-- Schema:
--   * 36 application tables + the `_prisma_migrations` ledger
--   * All primary keys are INT AUTO_INCREMENT
--   * No FOREIGN KEY constraints (`relationMode = "prisma"` enforces
--     integrity at the application layer)
--   * All INT-coded columns carry MySQL COLUMN_COMMENTs that explain the
--     code mappings (see SHOW FULL COLUMNS or HRMS_Schema_v2_Plan.md §3)
--
-- Master/lookup data (frozen IDs — never re-numbered):
--   * roles (4)            employment_types (4)   genders (4)
--   * audit_modules (9)    leave_types (6)        departments (7)
--   * designations (6)
--
-- Operational seed:
--   * configurations (14 keys — late threshold, encashment window, etc.)
--   * leave_quotas (16 — 4 employment types × 4 accrual leave types)
--   * holidays (7 for the current calendar year)
--
-- Demo accounts (password for all four: admin@123):
--   * admin@triline.co.in     — Priya Sharma  (Admin / roleId=4)
--   * manager@triline.co.in   — Arjun Mehta   (Manager / roleId=2)
--   * employee@triline.co.in  — Kavya Reddy   (Employee / roleId=1)
--   * payroll@triline.co.in   — Ravi Iyer     (PayrollOfficer / roleId=3)
--
-- Dummy data for QA (auto-generated by the dummy-seed block):
--   * 20 leave_requests, 20 leave_balance_ledger entries,
--     20 attendance_records, 20 attendance_late_ledger rows,
--     20 regularisation_requests, 20 leave_encashments,
--     5 payroll_runs + 20 payslips, 2 performance_cycles + 8 reviews +
--     20 goals, 20 notifications, 20 audit_log entries, 20 sessions,
--     20 password_reset_tokens, 20 idempotency_keys, 17 login_attempts
--
-- ----------------------------------------------------------------------------
--  Regenerating
-- ----------------------------------------------------------------------------
--
-- To refresh this file after schema/seed changes:
--
--   pnpm --filter @nexora/api db:seed             # ensure DB is up to date
--   mysqldump -u root -p'<password>' \
--     --single-transaction --no-tablespaces --skip-add-locks \
--     --skip-comments --default-character-set=utf8mb4 \
--     --databases nexora_hrms \
--     > /tmp/dump.body.sql
--   cat banner.sql /tmp/dump.body.sql > apps/api/prisma/schema_v2.sql
--
-- ============================================================================


/*!40101 SET @OLD_CHARACTER_SET_CLIENT=@@CHARACTER_SET_CLIENT */;
/*!40101 SET @OLD_CHARACTER_SET_RESULTS=@@CHARACTER_SET_RESULTS */;
/*!40101 SET @OLD_COLLATION_CONNECTION=@@COLLATION_CONNECTION */;
/*!50503 SET NAMES utf8mb4 */;
/*!40103 SET @OLD_TIME_ZONE=@@TIME_ZONE */;
/*!40103 SET TIME_ZONE='+00:00' */;
/*!40014 SET @OLD_UNIQUE_CHECKS=@@UNIQUE_CHECKS, UNIQUE_CHECKS=0 */;
/*!40014 SET @OLD_FOREIGN_KEY_CHECKS=@@FOREIGN_KEY_CHECKS, FOREIGN_KEY_CHECKS=0 */;
/*!40101 SET @OLD_SQL_MODE=@@SQL_MODE, SQL_MODE='NO_AUTO_VALUE_ON_ZERO' */;
/*!40111 SET @OLD_SQL_NOTES=@@SQL_NOTES, SQL_NOTES=0 */;

CREATE DATABASE /*!32312 IF NOT EXISTS*/ `nexora_hrms` /*!40100 DEFAULT CHARACTER SET utf8mb4 COLLATE utf8mb4_unicode_ci */ /*!80016 DEFAULT ENCRYPTION='N' */;

USE `nexora_hrms`;
DROP TABLE IF EXISTS `_prisma_migrations`;
/*!40101 SET @saved_cs_client     = @@character_set_client */;
/*!50503 SET character_set_client = utf8mb4 */;
CREATE TABLE `_prisma_migrations` (
  `id` varchar(36) COLLATE utf8mb4_unicode_ci NOT NULL,
  `checksum` varchar(64) COLLATE utf8mb4_unicode_ci NOT NULL,
  `finished_at` datetime(3) DEFAULT NULL,
  `migration_name` varchar(255) COLLATE utf8mb4_unicode_ci NOT NULL,
  `logs` text COLLATE utf8mb4_unicode_ci,
  `rolled_back_at` datetime(3) DEFAULT NULL,
  `started_at` datetime(3) NOT NULL DEFAULT CURRENT_TIMESTAMP(3),
  `applied_steps_count` int unsigned NOT NULL DEFAULT '0',
  PRIMARY KEY (`id`)
) ENGINE=InnoDB DEFAULT CHARSET=utf8mb4 COLLATE=utf8mb4_unicode_ci;
/*!40101 SET character_set_client = @saved_cs_client */;

/*!40000 ALTER TABLE `_prisma_migrations` DISABLE KEYS */;
INSERT INTO `_prisma_migrations` VALUES ('226540cf-1d26-4ccb-8be7-245ba1893532','11e5bed09299c80c52368a6f0e8d2ae03bac4a5dfbc75193c3e8e88ef1df6d5d','2026-05-12 16:12:54.449','20260512210000_int_code_column_comments',NULL,NULL,'2026-05-12 16:12:54.216',1),('646d6e58-df68-48c5-812d-712f8d4d2aaf','b55ce138341e706231e0c93fa1ed92ed8b1b2a16edc22bfb651f0b371f4425d9','2026-05-12 13:57:51.463','20260512200000_rename_status_id_to_status',NULL,NULL,'2026-05-12 13:57:51.155',1),('d59ad036-0241-4f5a-94df-6e9a2ec29f01','343e6bd4a6d90dc495d24fa8c0bebf325c55e9fc93139e72c52169df3c2795e4','2026-05-12 13:04:34.020','20260512130433_init_clean_schema',NULL,NULL,'2026-05-12 13:04:33.067',1);
/*!40000 ALTER TABLE `_prisma_migrations` ENABLE KEYS */;
DROP TABLE IF EXISTS `attendance_late_ledger`;
/*!40101 SET @saved_cs_client     = @@character_set_client */;
/*!50503 SET character_set_client = utf8mb4 */;
CREATE TABLE `attendance_late_ledger` (
  `id` int NOT NULL AUTO_INCREMENT,
  `employee_id` int NOT NULL,
  `year` int NOT NULL,
  `month` int NOT NULL,
  `count` int NOT NULL DEFAULT '0',
  `updated_at` datetime(3) NOT NULL,
  PRIMARY KEY (`id`),
  UNIQUE KEY `attendance_late_ledger_employee_id_year_month_key` (`employee_id`,`year`,`month`)
) ENGINE=InnoDB AUTO_INCREMENT=21 DEFAULT CHARSET=utf8mb4 COLLATE=utf8mb4_unicode_ci;
/*!40101 SET character_set_client = @saved_cs_client */;

/*!40000 ALTER TABLE `attendance_late_ledger` DISABLE KEYS */;
INSERT INTO `attendance_late_ledger` VALUES (1,1,2026,1,0,'2026-05-12 13:34:44.332'),(2,2,2026,1,1,'2026-05-12 13:34:44.332'),(3,3,2026,1,2,'2026-05-12 13:34:44.332'),(4,4,2026,1,3,'2026-05-12 13:34:44.332'),(5,1,2026,2,0,'2026-05-12 13:34:44.332'),(6,2,2026,2,1,'2026-05-12 13:34:44.332'),(7,3,2026,2,2,'2026-05-12 13:34:44.332'),(8,4,2026,2,3,'2026-05-12 13:34:44.332'),(9,1,2026,3,0,'2026-05-12 13:34:44.332'),(10,2,2026,3,1,'2026-05-12 13:34:44.332'),(11,3,2026,3,2,'2026-05-12 13:34:44.332'),(12,4,2026,3,3,'2026-05-12 13:34:44.332'),(13,1,2026,4,0,'2026-05-12 13:34:44.332'),(14,2,2026,4,1,'2026-05-12 13:34:44.332'),(15,3,2026,4,2,'2026-05-12 13:34:44.332'),(16,4,2026,4,3,'2026-05-12 13:34:44.332'),(17,1,2026,5,0,'2026-05-12 13:34:44.332'),(18,2,2026,5,1,'2026-05-12 13:34:44.332'),(19,3,2026,5,2,'2026-05-12 13:34:44.332'),(20,4,2026,5,3,'2026-05-12 13:34:44.332');
/*!40000 ALTER TABLE `attendance_late_ledger` ENABLE KEYS */;
DROP TABLE IF EXISTS `attendance_records`;
/*!40101 SET @saved_cs_client     = @@character_set_client */;
/*!50503 SET character_set_client = utf8mb4 */;
CREATE TABLE `attendance_records` (
  `id` int NOT NULL AUTO_INCREMENT,
  `employee_id` int NOT NULL,
  `date` date NOT NULL,
  `status` int NOT NULL COMMENT '§3.4 1=Present, 2=Absent, 3=OnLeave, 4=WeeklyOff, 5=Holiday',
  `check_in_time` datetime(3) DEFAULT NULL,
  `check_out_time` datetime(3) DEFAULT NULL,
  `hours_worked_minutes` int DEFAULT NULL,
  `late` tinyint(1) NOT NULL DEFAULT '0',
  `late_month_count` int NOT NULL DEFAULT '0',
  `lop_applied` tinyint(1) NOT NULL DEFAULT '0',
  `source_id` int NOT NULL COMMENT '§3.4 1=system, 2=regularisation',
  `regularisation_id` int DEFAULT NULL,
  `version` int NOT NULL DEFAULT '0',
  `created_at` datetime(3) NOT NULL DEFAULT CURRENT_TIMESTAMP(3),
  PRIMARY KEY (`id`),
  UNIQUE KEY `attendance_records_employee_id_date_source_id_key` (`employee_id`,`date`,`source_id`),
  KEY `attendance_records_employee_id_date_idx` (`employee_id`,`date`),
  KEY `attendance_records_date_status_id_idx` (`date`,`status`)
) ENGINE=InnoDB AUTO_INCREMENT=21 DEFAULT CHARSET=utf8mb4 COLLATE=utf8mb4_unicode_ci;
/*!40101 SET character_set_client = @saved_cs_client */;

/*!40000 ALTER TABLE `attendance_records` DISABLE KEYS */;
INSERT INTO `attendance_records` VALUES (1,1,'2026-05-05',1,'2026-05-05 09:00:00.000','2026-05-05 18:00:00.000',540,0,0,0,1,NULL,0,'2026-05-12 13:34:44.326'),(2,2,'2026-05-05',1,'2026-05-05 09:30:00.000','2026-05-05 18:30:00.000',540,0,0,0,1,NULL,0,'2026-05-12 13:34:44.326'),(3,3,'2026-05-05',1,'2026-05-05 10:00:00.000','2026-05-05 19:00:00.000',540,0,0,0,1,NULL,0,'2026-05-12 13:34:44.326'),(4,4,'2026-05-05',1,'2026-05-05 09:00:00.000','2026-05-05 18:00:00.000',540,0,0,0,1,NULL,0,'2026-05-12 13:34:44.326'),(5,1,'2026-05-06',1,'2026-05-06 09:30:00.000','2026-05-06 18:30:00.000',540,0,0,0,1,NULL,0,'2026-05-12 13:34:44.326'),(6,2,'2026-05-06',1,'2026-05-06 10:00:00.000','2026-05-06 19:00:00.000',540,0,0,0,1,NULL,0,'2026-05-12 13:34:44.326'),(7,3,'2026-05-06',1,'2026-05-06 09:00:00.000','2026-05-06 18:00:00.000',540,0,0,0,1,NULL,0,'2026-05-12 13:34:44.326'),(8,4,'2026-05-06',1,'2026-05-06 09:30:00.000','2026-05-06 18:30:00.000',540,0,0,0,1,NULL,0,'2026-05-12 13:34:44.326'),(9,1,'2026-05-07',1,'2026-05-07 10:00:00.000','2026-05-07 19:00:00.000',540,0,0,0,1,NULL,0,'2026-05-12 13:34:44.326'),(10,2,'2026-05-07',1,'2026-05-07 09:00:00.000','2026-05-07 18:00:00.000',540,0,0,0,1,NULL,0,'2026-05-12 13:34:44.326'),(11,3,'2026-05-07',1,'2026-05-07 09:30:00.000','2026-05-07 18:30:00.000',540,0,0,0,1,NULL,0,'2026-05-12 13:34:44.326'),(12,4,'2026-05-07',1,'2026-05-07 10:00:00.000','2026-05-07 19:00:00.000',540,0,0,0,1,NULL,0,'2026-05-12 13:34:44.326'),(13,1,'2026-05-08',1,'2026-05-08 09:00:00.000','2026-05-08 18:00:00.000',540,0,0,0,1,NULL,0,'2026-05-12 13:34:44.326'),(14,2,'2026-05-08',1,'2026-05-08 09:30:00.000','2026-05-08 18:30:00.000',540,0,0,0,1,NULL,0,'2026-05-12 13:34:44.326'),(15,3,'2026-05-08',1,'2026-05-08 10:00:00.000','2026-05-08 19:00:00.000',540,0,0,0,1,NULL,0,'2026-05-12 13:34:44.326'),(16,4,'2026-05-08',1,'2026-05-08 09:00:00.000','2026-05-08 18:00:00.000',540,0,0,0,1,NULL,0,'2026-05-12 13:34:44.326'),(17,1,'2026-05-09',4,NULL,NULL,NULL,0,0,0,1,NULL,0,'2026-05-12 13:34:44.326'),(18,2,'2026-05-09',4,NULL,NULL,NULL,0,0,0,1,NULL,0,'2026-05-12 13:34:44.326'),(19,3,'2026-05-09',4,NULL,NULL,NULL,0,0,0,1,NULL,0,'2026-05-12 13:34:44.326'),(20,4,'2026-05-09',4,NULL,NULL,NULL,0,0,0,1,NULL,0,'2026-05-12 13:34:44.326');
/*!40000 ALTER TABLE `attendance_records` ENABLE KEYS */;
DROP TABLE IF EXISTS `audit_log`;
/*!40101 SET @saved_cs_client     = @@character_set_client */;
/*!50503 SET character_set_client = utf8mb4 */;
CREATE TABLE `audit_log` (
  `id` int NOT NULL AUTO_INCREMENT,
  `actor_id` int DEFAULT NULL,
  `actor_role_id` int NOT NULL COMMENT '§3.9 1=Employee, 2=Manager, 3=PayrollOfficer, 4=Admin, 99=unknown, 100=system',
  `actor_ip` varchar(191) COLLATE utf8mb4_unicode_ci DEFAULT NULL,
  `action` varchar(191) COLLATE utf8mb4_unicode_ci NOT NULL,
  `target_type_id` int DEFAULT NULL COMMENT '§3.9 1=Employee, 2=LeaveRequest, 3=LeaveEncashment, 4=AttendanceRecord, 5=RegularisationRequest, 6=PayrollRun, 7=Payslip, 8=PerformanceCycle, 9=PerformanceReview, 10=Goal, 11=Configuration, 12=SalaryStructure, 13=Holiday, 14=Notification',
  `target_id` int DEFAULT NULL,
  `module_id` int NOT NULL,
  `before` json DEFAULT NULL,
  `after` json DEFAULT NULL,
  `created_at` datetime(3) NOT NULL DEFAULT CURRENT_TIMESTAMP(3),
  PRIMARY KEY (`id`),
  KEY `audit_log_actor_id_idx` (`actor_id`),
  KEY `audit_log_action_idx` (`action`),
  KEY `audit_log_created_at_idx` (`created_at`),
  KEY `audit_log_target_type_id_target_id_idx` (`target_type_id`,`target_id`),
  KEY `audit_log_module_id_idx` (`module_id`)
) ENGINE=InnoDB AUTO_INCREMENT=62 DEFAULT CHARSET=utf8mb4 COLLATE=utf8mb4_unicode_ci;
/*!40101 SET character_set_client = @saved_cs_client */;

/*!40000 ALTER TABLE `audit_log` DISABLE KEYS */;
INSERT INTO `audit_log` VALUES (1,1,1,'10.0.0.200','auth.login.success',1,1,1,'null','{\"n\": 0, \"sample\": true}','2026-05-12 10:14:44.281'),(2,2,2,'10.0.0.201','auth.login.failure',1,2,1,'null','{\"n\": 1, \"sample\": true}','2026-05-12 10:24:44.281'),(3,3,3,'10.0.0.202','employee.created',1,3,2,'null','{\"n\": 2, \"sample\": true}','2026-05-12 10:34:44.281'),(4,4,4,'10.0.0.203','employee.status.changed',1,4,2,'null','{\"n\": 3, \"sample\": true}','2026-05-12 10:44:44.281'),(5,1,1,'10.0.0.204','employee.salary.updated',12,5,2,'null','{\"n\": 4, \"sample\": true}','2026-05-12 10:54:44.281'),(6,2,2,'10.0.0.205','leave.request.created',2,6,3,'null','{\"n\": 5, \"sample\": true}','2026-05-12 11:04:44.281'),(7,3,3,'10.0.0.206','leave.request.approved',2,7,3,'null','{\"n\": 6, \"sample\": true}','2026-05-12 11:14:44.281'),(8,4,4,'10.0.0.207','leave.request.rejected',2,8,3,'null','{\"n\": 7, \"sample\": true}','2026-05-12 11:24:44.281'),(9,1,1,'10.0.0.208','leave.encashment.created',3,9,3,'null','{\"n\": 8, \"sample\": true}','2026-05-12 11:34:44.281'),(10,2,2,'10.0.0.209','leave.encashment.approved',3,10,3,'null','{\"n\": 9, \"sample\": true}','2026-05-12 11:44:44.281'),(11,3,3,'10.0.0.210','attendance.checkin',4,11,5,'null','{\"n\": 10, \"sample\": true}','2026-05-12 11:54:44.281'),(12,4,4,'10.0.0.211','attendance.checkout',4,12,5,'null','{\"n\": 11, \"sample\": true}','2026-05-12 12:04:44.281'),(13,1,1,'10.0.0.212','regularisation.approved',5,13,5,'null','{\"n\": 12, \"sample\": true}','2026-05-12 12:14:44.281'),(14,2,2,'10.0.0.213','payroll.run.initiated',6,14,4,'null','{\"n\": 13, \"sample\": true}','2026-05-12 12:24:44.281'),(15,3,3,'10.0.0.214','payroll.run.finalised',6,15,4,'null','{\"n\": 14, \"sample\": true}','2026-05-12 12:34:44.281'),(16,4,4,'10.0.0.215','performance.cycle.created',8,16,6,'null','{\"n\": 15, \"sample\": true}','2026-05-12 12:44:44.281'),(17,1,1,'10.0.0.216','performance.review.submitted',9,17,6,'null','{\"n\": 16, \"sample\": true}','2026-05-12 12:54:44.281'),(18,2,2,'10.0.0.217','configuration.updated',11,18,9,'null','{\"n\": 17, \"sample\": true}','2026-05-12 13:04:44.281'),(19,3,3,'10.0.0.218','holiday.created',13,19,9,'null','{\"n\": 18, \"sample\": true}','2026-05-12 13:14:44.281'),(20,4,4,'10.0.0.219','notification.delivered',14,20,7,'null','{\"n\": 19, \"sample\": true}','2026-05-12 13:24:44.281'),(21,1,4,'::ffff:127.0.0.1','auth.login.success',1,1,1,NULL,NULL,'2026-05-12 18:03:23.150'),(22,NULL,99,'::1','auth.login.failure',1,NULL,1,NULL,NULL,'2026-05-12 18:51:18.932'),(23,NULL,99,'::1','auth.login.failure',1,NULL,1,NULL,NULL,'2026-05-12 19:09:14.508'),(24,NULL,99,'::1','auth.login.failure',1,NULL,1,NULL,NULL,'2026-05-12 19:09:31.963'),(25,NULL,99,'::1','auth.login.failure',1,NULL,1,NULL,NULL,'2026-05-12 19:25:57.731'),(26,NULL,99,'::1','auth.login.failure',1,NULL,1,NULL,NULL,'2026-05-12 19:26:32.521'),(27,NULL,99,'::1','auth.login.failure',1,NULL,1,NULL,NULL,'2026-05-12 19:26:43.892'),(28,NULL,99,'::1','auth.login.failure',1,NULL,1,NULL,NULL,'2026-05-12 19:26:44.194'),(29,NULL,99,'::1','auth.login.failure',1,NULL,1,NULL,NULL,'2026-05-12 19:26:44.503'),(30,NULL,99,'::1','auth.login.failure',1,NULL,1,NULL,NULL,'2026-05-12 19:26:44.876'),(31,NULL,99,'::1','auth.login.failure',1,NULL,1,NULL,NULL,'2026-05-12 19:26:45.190'),(32,NULL,99,'::1','auth.login.failure',1,NULL,1,NULL,NULL,'2026-05-12 19:26:45.504'),(33,NULL,99,'::1','auth.login.failure',1,NULL,1,NULL,NULL,'2026-05-12 19:26:45.851'),(34,NULL,99,'::1','auth.login.failure',1,NULL,1,NULL,NULL,'2026-05-12 19:26:46.251'),(35,NULL,99,'::1','auth.login.failure',1,NULL,1,NULL,NULL,'2026-05-12 19:26:46.679'),(36,NULL,99,'::1','auth.login.failure',1,NULL,1,NULL,NULL,'2026-05-12 19:26:47.093'),(37,NULL,99,'::1','auth.login.failure',1,NULL,1,NULL,NULL,'2026-05-12 19:26:47.469'),(38,NULL,99,'::1','auth.login.failure',1,NULL,1,NULL,NULL,'2026-05-12 19:26:47.771'),(39,NULL,99,'::1','auth.login.failure',1,NULL,1,NULL,NULL,'2026-05-12 19:26:48.050'),(40,NULL,99,'::1','auth.login.failure',1,NULL,1,NULL,NULL,'2026-05-12 19:26:48.356'),(41,NULL,99,'::1','auth.login.failure',1,NULL,1,NULL,NULL,'2026-05-12 19:26:50.422'),(42,NULL,99,'::1','auth.login.failure',1,NULL,1,NULL,NULL,'2026-05-12 19:26:51.111'),(43,NULL,99,'::1','auth.login.failure',1,NULL,1,NULL,NULL,'2026-05-12 19:26:51.535'),(44,NULL,99,'::1','auth.login.failure',1,NULL,1,NULL,NULL,'2026-05-12 19:26:51.916'),(45,NULL,99,'::1','auth.login.failure',1,NULL,1,NULL,NULL,'2026-05-12 19:26:52.170'),(46,NULL,99,'::1','auth.login.failure',1,NULL,1,NULL,NULL,'2026-05-12 19:26:52.520'),(47,NULL,99,'::1','auth.login.failure',1,NULL,1,NULL,NULL,'2026-05-12 19:26:52.850'),(48,NULL,99,'::1','auth.login.failure',1,NULL,1,NULL,NULL,'2026-05-12 19:26:53.172'),(49,NULL,99,'::1','auth.login.failure',1,NULL,1,NULL,NULL,'2026-05-12 19:26:53.515'),(50,NULL,99,'::1','auth.login.failure',1,NULL,1,NULL,NULL,'2026-05-12 19:26:53.851'),(51,NULL,99,'::1','auth.login.lockout',1,NULL,1,NULL,'{\"email\": \"admin@triline.in\", \"retryAfterSeconds\": 279}','2026-05-12 19:26:54.158'),(52,NULL,99,'::1','auth.login.lockout',1,NULL,1,NULL,'{\"email\": \"admin@triline.in\", \"retryAfterSeconds\": 278}','2026-05-12 19:26:54.632'),(53,NULL,99,'::1','auth.login.failure',1,NULL,1,NULL,NULL,'2026-05-12 20:21:21.087'),(54,1,4,'::1','auth.login.success',1,1,1,NULL,NULL,'2026-05-12 20:22:58.779'),(55,1,4,'::1','auth.logout',1,1,1,NULL,NULL,'2026-05-12 20:42:28.328'),(56,2,2,'::1','auth.login.success',1,2,1,NULL,NULL,'2026-05-12 20:42:45.432'),(57,2,2,'::1','performance.review.manager-rating',9,7,6,'{\"version\": 0, \"managerNote\": null, \"managerRating\": null, \"managerOverrodeSelf\": false}','{\"managerNote\": \"could be better\", \"goalsUpdated\": 3, \"managerRating\": 4, \"managerOverrodeSelf\": true}','2026-05-12 20:48:04.401'),(58,1,4,'::ffff:127.0.0.1','auth.login.success',1,1,1,NULL,NULL,'2026-05-12 20:57:02.028'),(59,2,2,'::ffff:127.0.0.1','auth.login.success',1,2,1,NULL,NULL,'2026-05-12 20:57:02.126'),(60,3,1,'::ffff:127.0.0.1','auth.login.success',1,3,1,NULL,NULL,'2026-05-12 20:57:02.205'),(61,4,3,'::ffff:127.0.0.1','auth.login.success',1,4,1,NULL,NULL,'2026-05-12 20:57:02.289');
/*!40000 ALTER TABLE `audit_log` ENABLE KEYS */;
DROP TABLE IF EXISTS `audit_modules`;
/*!40101 SET @saved_cs_client     = @@character_set_client */;
/*!50503 SET character_set_client = utf8mb4 */;
CREATE TABLE `audit_modules` (
  `id` int NOT NULL AUTO_INCREMENT,
  `name` varchar(191) COLLATE utf8mb4_unicode_ci NOT NULL,
  `status` int NOT NULL DEFAULT '1' COMMENT '1=Active, 2=Deprecated',
  `created_at` datetime(3) NOT NULL DEFAULT CURRENT_TIMESTAMP(3),
  `updated_at` datetime(3) NOT NULL,
  PRIMARY KEY (`id`),
  UNIQUE KEY `audit_modules_name_key` (`name`)
) ENGINE=InnoDB AUTO_INCREMENT=10 DEFAULT CHARSET=utf8mb4 COLLATE=utf8mb4_unicode_ci;
/*!40101 SET character_set_client = @saved_cs_client */;

/*!40000 ALTER TABLE `audit_modules` DISABLE KEYS */;
INSERT INTO `audit_modules` VALUES (1,'auth',1,'2026-05-12 13:08:25.942','2026-05-12 18:01:55.899'),(2,'employees',1,'2026-05-12 13:08:25.947','2026-05-12 18:01:55.904'),(3,'leave',1,'2026-05-12 13:08:25.951','2026-05-12 18:01:55.907'),(4,'payroll',1,'2026-05-12 13:08:25.955','2026-05-12 18:01:55.911'),(5,'attendance',1,'2026-05-12 13:08:25.958','2026-05-12 18:01:55.916'),(6,'performance',1,'2026-05-12 13:08:25.962','2026-05-12 18:01:55.920'),(7,'notifications',1,'2026-05-12 13:08:25.966','2026-05-12 18:01:55.926'),(8,'audit',1,'2026-05-12 13:08:25.970','2026-05-12 18:01:55.931'),(9,'configuration',1,'2026-05-12 13:08:25.974','2026-05-12 18:01:55.935');
/*!40000 ALTER TABLE `audit_modules` ENABLE KEYS */;
DROP TABLE IF EXISTS `configurations`;
/*!40101 SET @saved_cs_client     = @@character_set_client */;
/*!50503 SET character_set_client = utf8mb4 */;
CREATE TABLE `configurations` (
  `key` varchar(191) COLLATE utf8mb4_unicode_ci NOT NULL,
  `value` json NOT NULL,
  `updated_by` varchar(191) COLLATE utf8mb4_unicode_ci DEFAULT NULL,
  `updated_at` datetime(3) NOT NULL,
  PRIMARY KEY (`key`)
) ENGINE=InnoDB DEFAULT CHARSET=utf8mb4 COLLATE=utf8mb4_unicode_ci;
/*!40101 SET character_set_client = @saved_cs_client */;

/*!40000 ALTER TABLE `configurations` DISABLE KEYS */;
INSERT INTO `configurations` VALUES ('ANNUAL_CARRY_FORWARD_CAP','10','seed','2026-05-12 13:08:25.845'),('CASUAL_CARRY_FORWARD_CAP','5','seed','2026-05-12 13:08:25.851'),('ENCASHMENT_MAX_PERCENT','50','seed','2026-05-12 13:08:25.888'),('ENCASHMENT_WINDOW_END_DAY','15','seed','2026-05-12 13:08:25.884'),('ENCASHMENT_WINDOW_END_MONTH','1','seed','2026-05-12 13:08:25.879'),('ENCASHMENT_WINDOW_START_MONTH','12','seed','2026-05-12 13:08:25.876'),('LATE_THRESHOLD','\"10:30\"','seed','2026-05-12 13:08:25.828'),('LEAVE_ESCALATION_WORKING_DAYS','5','seed','2026-05-12 13:08:25.841'),('MATERNITY_WEEKS','26','seed','2026-05-12 13:08:25.855'),('NOTIFICATION_RETENTION_DAYS','90','seed','2026-05-12 13:08:25.863'),('PATERNITY_WORKING_DAYS','10','seed','2026-05-12 13:08:25.859'),('STANDARD_DAILY_HOURS','8','seed','2026-05-12 13:08:25.836'),('STANDARD_TAX_REFERENCE_RATE','0.095','seed','2026-05-12 13:08:25.868'),('TAX_GROSS_TAXABLE_BASIS','\"GrossMinusStandardDeduction\"','seed','2026-05-12 13:08:25.872');
/*!40000 ALTER TABLE `configurations` ENABLE KEYS */;
DROP TABLE IF EXISTS `departments`;
/*!40101 SET @saved_cs_client     = @@character_set_client */;
/*!50503 SET character_set_client = utf8mb4 */;
CREATE TABLE `departments` (
  `id` int NOT NULL AUTO_INCREMENT,
  `name` varchar(191) COLLATE utf8mb4_unicode_ci NOT NULL,
  `status` int NOT NULL DEFAULT '1' COMMENT '1=Active, 2=Deprecated',
  `created_at` datetime(3) NOT NULL DEFAULT CURRENT_TIMESTAMP(3),
  `updated_at` datetime(3) NOT NULL,
  PRIMARY KEY (`id`),
  UNIQUE KEY `departments_name_key` (`name`)
) ENGINE=InnoDB AUTO_INCREMENT=8 DEFAULT CHARSET=utf8mb4 COLLATE=utf8mb4_unicode_ci;
/*!40101 SET character_set_client = @saved_cs_client */;

/*!40000 ALTER TABLE `departments` DISABLE KEYS */;
INSERT INTO `departments` VALUES (1,'Engineering',1,'2026-05-12 13:08:25.978','2026-05-12 13:08:25.978'),(2,'Design',1,'2026-05-12 13:08:25.983','2026-05-12 13:08:25.983'),(3,'HR',1,'2026-05-12 13:08:25.986','2026-05-12 13:08:25.986'),(4,'Finance',1,'2026-05-12 13:08:25.990','2026-05-12 13:08:25.990'),(5,'Operations',1,'2026-05-12 13:08:25.994','2026-05-12 13:08:25.994'),(6,'Product',1,'2026-05-12 13:08:25.998','2026-05-12 13:08:25.998'),(7,'Sales',1,'2026-05-12 13:08:26.001','2026-05-12 13:08:26.001');
/*!40000 ALTER TABLE `departments` ENABLE KEYS */;
DROP TABLE IF EXISTS `designations`;
/*!40101 SET @saved_cs_client     = @@character_set_client */;
/*!50503 SET character_set_client = utf8mb4 */;
CREATE TABLE `designations` (
  `id` int NOT NULL AUTO_INCREMENT,
  `name` varchar(191) COLLATE utf8mb4_unicode_ci NOT NULL,
  `status` int NOT NULL DEFAULT '1' COMMENT '1=Active, 2=Deprecated',
  `created_at` datetime(3) NOT NULL DEFAULT CURRENT_TIMESTAMP(3),
  `updated_at` datetime(3) NOT NULL,
  PRIMARY KEY (`id`),
  UNIQUE KEY `designations_name_key` (`name`)
) ENGINE=InnoDB AUTO_INCREMENT=7 DEFAULT CHARSET=utf8mb4 COLLATE=utf8mb4_unicode_ci;
/*!40101 SET character_set_client = @saved_cs_client */;

/*!40000 ALTER TABLE `designations` DISABLE KEYS */;
INSERT INTO `designations` VALUES (1,'Software Engineer',1,'2026-05-12 13:08:26.006','2026-05-12 13:08:26.006'),(2,'Engineering Manager',1,'2026-05-12 13:08:26.011','2026-05-12 13:08:26.011'),(3,'Head of People',1,'2026-05-12 13:08:26.016','2026-05-12 13:08:26.016'),(4,'Payroll Officer',1,'2026-05-12 13:08:26.020','2026-05-12 13:08:26.020'),(5,'Senior Designer',1,'2026-05-12 13:08:26.025','2026-05-12 13:08:26.025'),(6,'Product Manager',1,'2026-05-12 13:08:26.035','2026-05-12 13:08:26.035');
/*!40000 ALTER TABLE `designations` ENABLE KEYS */;
DROP TABLE IF EXISTS `employees`;
/*!40101 SET @saved_cs_client     = @@character_set_client */;
/*!50503 SET character_set_client = utf8mb4 */;
CREATE TABLE `employees` (
  `id` int NOT NULL AUTO_INCREMENT,
  `code` varchar(191) COLLATE utf8mb4_unicode_ci NOT NULL,
  `email` varchar(191) COLLATE utf8mb4_unicode_ci NOT NULL,
  `name` varchar(191) COLLATE utf8mb4_unicode_ci NOT NULL,
  `password_hash` varchar(191) COLLATE utf8mb4_unicode_ci NOT NULL,
  `role_id` int NOT NULL,
  `employment_type_id` int NOT NULL DEFAULT '1',
  `department_id` int DEFAULT NULL,
  `designation_id` int DEFAULT NULL,
  `gender_id` int DEFAULT NULL,
  `status` int NOT NULL DEFAULT '4' COMMENT '§3.1 1=Active, 2=OnNotice, 3=OnLeave, 4=Inactive, 5=Exited',
  `phone` varchar(191) COLLATE utf8mb4_unicode_ci DEFAULT NULL,
  `date_of_birth` date DEFAULT NULL,
  `reporting_manager_id` int DEFAULT NULL,
  `previous_reporting_manager_id` int DEFAULT NULL,
  `join_date` date NOT NULL,
  `exit_date` date DEFAULT NULL,
  `must_reset_password` tinyint(1) NOT NULL DEFAULT '0',
  `version` int NOT NULL DEFAULT '0',
  `created_at` datetime(3) NOT NULL DEFAULT CURRENT_TIMESTAMP(3),
  `updated_at` datetime(3) NOT NULL,
  PRIMARY KEY (`id`),
  UNIQUE KEY `employees_code_key` (`code`),
  UNIQUE KEY `employees_email_key` (`email`),
  KEY `employees_email_idx` (`email`),
  KEY `employees_reporting_manager_id_idx` (`reporting_manager_id`),
  KEY `employees_previous_reporting_manager_id_idx` (`previous_reporting_manager_id`),
  KEY `employees_role_id_idx` (`role_id`),
  KEY `employees_employment_type_id_idx` (`employment_type_id`),
  KEY `employees_department_id_idx` (`department_id`),
  KEY `employees_designation_id_idx` (`designation_id`),
  KEY `employees_gender_id_idx` (`gender_id`),
  KEY `employees_status_id_idx` (`status`)
) ENGINE=InnoDB AUTO_INCREMENT=5 DEFAULT CHARSET=utf8mb4 COLLATE=utf8mb4_unicode_ci;
/*!40101 SET character_set_client = @saved_cs_client */;

/*!40000 ALTER TABLE `employees` DISABLE KEYS */;
INSERT INTO `employees` VALUES (1,'EMP-2024-0001','admin@triline.co.in','Priya Sharma','$argon2id$v=19$m=65536,t=3,p=4$S07bH2iV+j6b7WcJJ7aMqg$vPmfoFxKbpEzKZJ+PhnnI2WnFxw2Iz0fA+ofV75iqCw',4,1,3,3,NULL,1,NULL,NULL,NULL,NULL,'2024-02-01',NULL,0,0,'2026-05-12 13:08:26.299','2026-05-12 13:08:26.299'),(2,'EMP-2024-0002','manager@triline.co.in','Arjun Mehta','$argon2id$v=19$m=65536,t=3,p=4$S07bH2iV+j6b7WcJJ7aMqg$vPmfoFxKbpEzKZJ+PhnnI2WnFxw2Iz0fA+ofV75iqCw',2,1,1,2,NULL,1,NULL,NULL,1,NULL,'2024-02-01',NULL,0,0,'2026-05-12 13:08:26.317','2026-05-12 13:08:26.362'),(3,'EMP-2024-0003','employee@triline.co.in','Kavya Reddy','$argon2id$v=19$m=65536,t=3,p=4$S07bH2iV+j6b7WcJJ7aMqg$vPmfoFxKbpEzKZJ+PhnnI2WnFxw2Iz0fA+ofV75iqCw',1,1,1,1,NULL,1,NULL,NULL,2,NULL,'2024-02-01',NULL,0,0,'2026-05-12 13:08:26.333','2026-05-12 13:08:26.392'),(4,'EMP-2024-0004','payroll@triline.co.in','Ravi Iyer','$argon2id$v=19$m=65536,t=3,p=4$S07bH2iV+j6b7WcJJ7aMqg$vPmfoFxKbpEzKZJ+PhnnI2WnFxw2Iz0fA+ofV75iqCw',3,1,4,4,NULL,1,NULL,NULL,1,NULL,'2024-02-01',NULL,0,0,'2026-05-12 13:08:26.348','2026-05-12 13:08:26.408');
/*!40000 ALTER TABLE `employees` ENABLE KEYS */;
DROP TABLE IF EXISTS `employment_types`;
/*!40101 SET @saved_cs_client     = @@character_set_client */;
/*!50503 SET character_set_client = utf8mb4 */;
CREATE TABLE `employment_types` (
  `id` int NOT NULL AUTO_INCREMENT,
  `name` varchar(191) COLLATE utf8mb4_unicode_ci NOT NULL,
  `status` int NOT NULL DEFAULT '1' COMMENT '1=Active, 2=Deprecated',
  `created_at` datetime(3) NOT NULL DEFAULT CURRENT_TIMESTAMP(3),
  `updated_at` datetime(3) NOT NULL,
  PRIMARY KEY (`id`),
  UNIQUE KEY `employment_types_name_key` (`name`)
) ENGINE=InnoDB AUTO_INCREMENT=5 DEFAULT CHARSET=utf8mb4 COLLATE=utf8mb4_unicode_ci;
/*!40101 SET character_set_client = @saved_cs_client */;

/*!40000 ALTER TABLE `employment_types` DISABLE KEYS */;
INSERT INTO `employment_types` VALUES (1,'Permanent',1,'2026-05-12 13:08:25.909','2026-05-12 18:01:55.867'),(2,'Contract',1,'2026-05-12 13:08:25.913','2026-05-12 18:01:55.872'),(3,'Probation',1,'2026-05-12 13:08:25.918','2026-05-12 18:01:55.875'),(4,'Intern',1,'2026-05-12 13:08:25.922','2026-05-12 18:01:55.879');
/*!40000 ALTER TABLE `employment_types` ENABLE KEYS */;
DROP TABLE IF EXISTS `encashment_code_counters`;
/*!40101 SET @saved_cs_client     = @@character_set_client */;
/*!50503 SET character_set_client = utf8mb4 */;
CREATE TABLE `encashment_code_counters` (
  `year` int NOT NULL,
  `number` int NOT NULL DEFAULT '0',
  PRIMARY KEY (`year`)
) ENGINE=InnoDB DEFAULT CHARSET=utf8mb4 COLLATE=utf8mb4_unicode_ci;
/*!40101 SET character_set_client = @saved_cs_client */;

/*!40000 ALTER TABLE `encashment_code_counters` DISABLE KEYS */;
INSERT INTO `encashment_code_counters` VALUES (2026,20);
/*!40000 ALTER TABLE `encashment_code_counters` ENABLE KEYS */;
DROP TABLE IF EXISTS `genders`;
/*!40101 SET @saved_cs_client     = @@character_set_client */;
/*!50503 SET character_set_client = utf8mb4 */;
CREATE TABLE `genders` (
  `id` int NOT NULL AUTO_INCREMENT,
  `name` varchar(191) COLLATE utf8mb4_unicode_ci NOT NULL,
  `status` int NOT NULL DEFAULT '1' COMMENT '1=Active, 2=Deprecated',
  `created_at` datetime(3) NOT NULL DEFAULT CURRENT_TIMESTAMP(3),
  `updated_at` datetime(3) NOT NULL,
  PRIMARY KEY (`id`),
  UNIQUE KEY `genders_name_key` (`name`)
) ENGINE=InnoDB AUTO_INCREMENT=5 DEFAULT CHARSET=utf8mb4 COLLATE=utf8mb4_unicode_ci;
/*!40101 SET character_set_client = @saved_cs_client */;

/*!40000 ALTER TABLE `genders` DISABLE KEYS */;
INSERT INTO `genders` VALUES (1,'Male',1,'2026-05-12 13:08:25.925','2026-05-12 18:01:55.884'),(2,'Female',1,'2026-05-12 13:08:25.930','2026-05-12 18:01:55.888'),(3,'Other',1,'2026-05-12 13:08:25.933','2026-05-12 18:01:55.891'),(4,'PreferNotToSay',1,'2026-05-12 13:08:25.938','2026-05-12 18:01:55.895');
/*!40000 ALTER TABLE `genders` ENABLE KEYS */;
DROP TABLE IF EXISTS `goals`;
/*!40101 SET @saved_cs_client     = @@character_set_client */;
/*!50503 SET character_set_client = utf8mb4 */;
CREATE TABLE `goals` (
  `id` int NOT NULL AUTO_INCREMENT,
  `review_id` int NOT NULL,
  `text` text COLLATE utf8mb4_unicode_ci NOT NULL,
  `outcome_id` int NOT NULL DEFAULT '1' COMMENT '§3.6 1=Pending, 2=Met, 3=Partial, 4=Missed',
  `proposed_by_employee` tinyint(1) NOT NULL DEFAULT '0',
  `version` int NOT NULL DEFAULT '0',
  `created_at` datetime(3) NOT NULL DEFAULT CURRENT_TIMESTAMP(3),
  `updated_at` datetime(3) NOT NULL,
  PRIMARY KEY (`id`),
  KEY `goals_review_id_idx` (`review_id`)
) ENGINE=InnoDB AUTO_INCREMENT=21 DEFAULT CHARSET=utf8mb4 COLLATE=utf8mb4_unicode_ci;
/*!40101 SET character_set_client = @saved_cs_client */;

/*!40000 ALTER TABLE `goals` DISABLE KEYS */;
INSERT INTO `goals` VALUES (1,1,'Goal #1: deliver the Q1 milestone on time and within budget.',2,1,0,'2026-05-12 13:34:44.525','2026-05-12 13:34:44.525'),(2,1,'Goal #2: deliver the Q2 milestone on time and within budget.',3,0,0,'2026-05-12 13:34:44.529','2026-05-12 13:34:44.529'),(3,2,'Goal #1: deliver the Q1 milestone on time and within budget.',2,1,0,'2026-05-12 13:34:44.534','2026-05-12 13:34:44.534'),(4,2,'Goal #2: deliver the Q2 milestone on time and within budget.',3,0,0,'2026-05-12 13:34:44.537','2026-05-12 13:34:44.537'),(5,3,'Goal #1: deliver the Q1 milestone on time and within budget.',2,1,0,'2026-05-12 13:34:44.541','2026-05-12 13:34:44.541'),(6,3,'Goal #2: deliver the Q2 milestone on time and within budget.',3,0,0,'2026-05-12 13:34:44.544','2026-05-12 13:34:44.544'),(7,4,'Goal #1: deliver the Q1 milestone on time and within budget.',2,1,0,'2026-05-12 13:34:44.547','2026-05-12 13:34:44.547'),(8,4,'Goal #2: deliver the Q2 milestone on time and within budget.',3,0,0,'2026-05-12 13:34:44.551','2026-05-12 13:34:44.551'),(9,5,'Goal #1: deliver the Q1 milestone on time and within budget.',1,1,0,'2026-05-12 13:34:44.555','2026-05-12 13:34:44.555'),(10,5,'Goal #2: deliver the Q2 milestone on time and within budget.',1,0,0,'2026-05-12 13:34:44.558','2026-05-12 13:34:44.558'),(11,5,'Goal #3: deliver the Q3 milestone on time and within budget.',1,0,0,'2026-05-12 13:34:44.561','2026-05-12 13:34:44.561'),(12,6,'Goal #1: deliver the Q1 milestone on time and within budget.',1,1,0,'2026-05-12 13:34:44.565','2026-05-12 13:34:44.565'),(13,6,'Goal #2: deliver the Q2 milestone on time and within budget.',1,0,0,'2026-05-12 13:34:44.569','2026-05-12 13:34:44.569'),(14,6,'Goal #3: deliver the Q3 milestone on time and within budget.',1,0,0,'2026-05-12 13:34:44.572','2026-05-12 13:34:44.572'),(15,7,'Goal #1: deliver the Q1 milestone on time and within budget.',2,1,1,'2026-05-12 13:34:44.575','2026-05-12 20:48:04.386'),(16,7,'Goal #2: deliver the Q2 milestone on time and within budget.',3,0,1,'2026-05-12 13:34:44.578','2026-05-12 20:48:04.389'),(17,7,'Goal #3: deliver the Q3 milestone on time and within budget.',3,0,1,'2026-05-12 13:34:44.581','2026-05-12 20:48:04.392'),(18,8,'Goal #1: deliver the Q1 milestone on time and within budget.',1,1,0,'2026-05-12 13:34:44.586','2026-05-12 13:34:44.586'),(19,8,'Goal #2: deliver the Q2 milestone on time and within budget.',1,0,0,'2026-05-12 13:34:44.589','2026-05-12 13:34:44.589'),(20,8,'Goal #3: deliver the Q3 milestone on time and within budget.',1,0,0,'2026-05-12 13:34:44.593','2026-05-12 13:34:44.593');
/*!40000 ALTER TABLE `goals` ENABLE KEYS */;
DROP TABLE IF EXISTS `holidays`;
/*!40101 SET @saved_cs_client     = @@character_set_client */;
/*!50503 SET character_set_client = utf8mb4 */;
CREATE TABLE `holidays` (
  `id` int NOT NULL AUTO_INCREMENT,
  `date` date NOT NULL,
  `name` varchar(191) COLLATE utf8mb4_unicode_ci NOT NULL,
  `year` int NOT NULL,
  `source` varchar(191) COLLATE utf8mb4_unicode_ci DEFAULT NULL,
  `created_at` datetime(3) NOT NULL DEFAULT CURRENT_TIMESTAMP(3),
  `updated_at` datetime(3) NOT NULL,
  PRIMARY KEY (`id`),
  UNIQUE KEY `holidays_date_key` (`date`),
  KEY `holidays_year_idx` (`year`)
) ENGINE=InnoDB AUTO_INCREMENT=8 DEFAULT CHARSET=utf8mb4 COLLATE=utf8mb4_unicode_ci;
/*!40101 SET character_set_client = @saved_cs_client */;

/*!40000 ALTER TABLE `holidays` DISABLE KEYS */;
INSERT INTO `holidays` VALUES (1,'2026-01-26','Republic Day',2026,NULL,'2026-05-12 13:08:26.165','2026-05-12 18:01:56.012'),(2,'2026-03-03','Holi',2026,NULL,'2026-05-12 13:08:26.170','2026-05-12 18:01:56.017'),(3,'2026-04-03','Good Friday',2026,NULL,'2026-05-12 13:08:26.175','2026-05-12 18:01:56.021'),(4,'2026-08-15','Independence Day',2026,NULL,'2026-05-12 13:08:26.178','2026-05-12 18:01:56.025'),(5,'2026-10-02','Gandhi Jayanti',2026,NULL,'2026-05-12 13:08:26.182','2026-05-12 18:01:56.029'),(6,'2026-10-31','Diwali',2026,NULL,'2026-05-12 13:08:26.186','2026-05-12 18:01:56.033'),(7,'2026-12-25','Christmas',2026,NULL,'2026-05-12 13:08:26.190','2026-05-12 18:01:56.037');
/*!40000 ALTER TABLE `holidays` ENABLE KEYS */;
DROP TABLE IF EXISTS `idempotency_keys`;
/*!40101 SET @saved_cs_client     = @@character_set_client */;
/*!50503 SET character_set_client = utf8mb4 */;
CREATE TABLE `idempotency_keys` (
  `id` int NOT NULL AUTO_INCREMENT,
  `key` varchar(191) COLLATE utf8mb4_unicode_ci NOT NULL,
  `employee_id` int NOT NULL,
  `endpoint` varchar(191) COLLATE utf8mb4_unicode_ci NOT NULL,
  `response_snapshot` json NOT NULL,
  `created_at` datetime(3) NOT NULL DEFAULT CURRENT_TIMESTAMP(3),
  PRIMARY KEY (`id`),
  UNIQUE KEY `idempotency_keys_key_key` (`key`),
  KEY `idempotency_keys_created_at_idx` (`created_at`)
) ENGINE=InnoDB AUTO_INCREMENT=22 DEFAULT CHARSET=utf8mb4 COLLATE=utf8mb4_unicode_ci;
/*!40101 SET character_set_client = @saved_cs_client */;

/*!40000 ALTER TABLE `idempotency_keys` DISABLE KEYS */;
INSERT INTO `idempotency_keys` VALUES (1,'idem-2026-83175ede3af46c61',1,'/leave/requests','{\"n\": 0, \"ok\": true}','2026-05-12 11:54:44.281'),(2,'idem-2026-17fef5ef66d5f826',2,'/attendance/check-in','{\"n\": 1, \"ok\": true}','2026-05-12 11:59:44.281'),(3,'idem-2026-6541dcc95c4f9ab3',3,'/payroll/runs','{\"n\": 2, \"ok\": true}','2026-05-12 12:04:44.281'),(4,'idem-2026-0ca0da5ab34ff198',4,'/leave-encashments','{\"n\": 3, \"ok\": true}','2026-05-12 12:09:44.281'),(5,'idem-2026-20e457c671ea11e1',1,'/leave/requests','{\"n\": 4, \"ok\": true}','2026-05-12 12:14:44.281'),(6,'idem-2026-c332e49594692148',2,'/attendance/check-in','{\"n\": 5, \"ok\": true}','2026-05-12 12:19:44.281'),(7,'idem-2026-69929d2fb3354ad4',3,'/payroll/runs','{\"n\": 6, \"ok\": true}','2026-05-12 12:24:44.281'),(8,'idem-2026-0df504a9fc10e5dd',4,'/leave-encashments','{\"n\": 7, \"ok\": true}','2026-05-12 12:29:44.281'),(9,'idem-2026-99b487f0edc8e56f',1,'/leave/requests','{\"n\": 8, \"ok\": true}','2026-05-12 12:34:44.281'),(10,'idem-2026-7c1ec834c8a77dc3',2,'/attendance/check-in','{\"n\": 9, \"ok\": true}','2026-05-12 12:39:44.281'),(11,'idem-2026-e22b1fd9ccbf9291',3,'/payroll/runs','{\"n\": 10, \"ok\": true}','2026-05-12 12:44:44.281'),(12,'idem-2026-9da2cf0694358595',4,'/leave-encashments','{\"n\": 11, \"ok\": true}','2026-05-12 12:49:44.281'),(13,'idem-2026-ca24a3721cdb085b',1,'/leave/requests','{\"n\": 12, \"ok\": true}','2026-05-12 12:54:44.281'),(14,'idem-2026-4cb826bc80136a7c',2,'/attendance/check-in','{\"n\": 13, \"ok\": true}','2026-05-12 12:59:44.281'),(15,'idem-2026-8d5d5567c042ab0d',3,'/payroll/runs','{\"n\": 14, \"ok\": true}','2026-05-12 13:04:44.281'),(16,'idem-2026-d1c4008f0371d10d',4,'/leave-encashments','{\"n\": 15, \"ok\": true}','2026-05-12 13:09:44.281'),(17,'idem-2026-b0c6e63b8c3181fb',1,'/leave/requests','{\"n\": 16, \"ok\": true}','2026-05-12 13:14:44.281'),(18,'idem-2026-adf7f98c6c5a18f9',2,'/attendance/check-in','{\"n\": 17, \"ok\": true}','2026-05-12 13:19:44.281'),(19,'idem-2026-4a06f5e8ace1cbfb',3,'/payroll/runs','{\"n\": 18, \"ok\": true}','2026-05-12 13:24:44.281'),(20,'idem-2026-00a10865b5cd6f68',4,'/leave-encashments','{\"n\": 19, \"ok\": true}','2026-05-12 13:29:44.281'),(21,'159d9a5d-2413-42c7-9dd6-4ee1779dce69',2,'/reviews/7/manager-rating','{\"data\": {\"id\": 7, \"goals\": [{\"id\": 15, \"text\": \"Goal #1: deliver the Q1 milestone on time and within budget.\", \"outcome\": \"Met\", \"version\": 1, \"reviewId\": 7, \"createdAt\": \"2026-05-12T13:34:44.575Z\", \"proposedByEmployee\": true}, {\"id\": 16, \"text\": \"Goal #2: deliver the Q2 milestone on time and within budget.\", \"outcome\": \"Partial\", \"version\": 1, \"reviewId\": 7, \"createdAt\": \"2026-05-12T13:34:44.578Z\", \"proposedByEmployee\": false}, {\"id\": 17, \"text\": \"Goal #3: deliver the Q3 milestone on time and within budget.\", \"outcome\": \"Partial\", \"version\": 1, \"reviewId\": 7, \"createdAt\": \"2026-05-12T13:34:44.581Z\", \"proposedByEmployee\": false}], \"cycleId\": 2, \"version\": 1, \"lockedAt\": null, \"selfNote\": \"Met all key objectives this cycle.\", \"createdAt\": \"2026-05-12T13:34:44.516Z\", \"cycleCode\": \"C-2026-H1\", \"managerId\": 2, \"updatedAt\": \"2026-05-12T20:48:04.394Z\", \"department\": \"Engineering\", \"employeeId\": 3, \"selfRating\": 3, \"cycleStatus\": \"Open\", \"designation\": \"Software Engineer\", \"finalRating\": null, \"managerName\": \"Arjun Mehta\", \"managerNote\": \"could be better\", \"employeeCode\": \"EMP-2024-0003\", \"employeeName\": \"Kavya Reddy\", \"managerRating\": 4, \"previousManagerId\": null, \"managerOverrodeSelf\": true, \"previousManagerName\": null}}','2026-05-12 20:48:04.414');
/*!40000 ALTER TABLE `idempotency_keys` ENABLE KEYS */;
DROP TABLE IF EXISTS `leave_balance_ledger`;
/*!40101 SET @saved_cs_client     = @@character_set_client */;
/*!50503 SET character_set_client = utf8mb4 */;
CREATE TABLE `leave_balance_ledger` (
  `id` int NOT NULL AUTO_INCREMENT,
  `employee_id` int NOT NULL,
  `leave_type_id` int NOT NULL,
  `year` int NOT NULL,
  `delta` int NOT NULL,
  `reason_id` int NOT NULL COMMENT '§3.2 1=Initial, 2=Approval, 3=Cancellation, 4=CarryForward, 5=Adjustment, 6=LateMarkPenalty',
  `related_request_id` int DEFAULT NULL,
  `created_by` int DEFAULT NULL,
  `created_at` datetime(3) NOT NULL DEFAULT CURRENT_TIMESTAMP(3),
  PRIMARY KEY (`id`),
  KEY `leave_balance_ledger_employee_id_year_created_at_idx` (`employee_id`,`year`,`created_at`)
) ENGINE=InnoDB AUTO_INCREMENT=21 DEFAULT CHARSET=utf8mb4 COLLATE=utf8mb4_unicode_ci;
/*!40101 SET character_set_client = @saved_cs_client */;

/*!40000 ALTER TABLE `leave_balance_ledger` DISABLE KEYS */;
INSERT INTO `leave_balance_ledger` VALUES (1,1,1,2026,12,1,NULL,NULL,'2026-05-12 13:14:44.281'),(2,1,2,2026,12,1,NULL,NULL,'2026-05-12 13:15:44.281'),(3,1,3,2026,12,1,NULL,NULL,'2026-05-12 13:16:44.281'),(4,1,4,2026,12,1,NULL,NULL,'2026-05-12 13:17:44.281'),(5,2,1,2026,12,1,NULL,NULL,'2026-05-12 13:18:44.281'),(6,2,2,2026,12,1,NULL,NULL,'2026-05-12 13:19:44.281'),(7,2,3,2026,12,1,NULL,NULL,'2026-05-12 13:20:44.281'),(8,2,4,2026,12,1,NULL,NULL,'2026-05-12 13:21:44.281'),(9,3,1,2026,12,1,NULL,NULL,'2026-05-12 13:22:44.281'),(10,3,2,2026,12,1,NULL,NULL,'2026-05-12 13:23:44.281'),(11,3,3,2026,12,1,NULL,NULL,'2026-05-12 13:24:44.281'),(12,3,4,2026,12,1,NULL,NULL,'2026-05-12 13:25:44.281'),(13,4,1,2026,12,1,NULL,NULL,'2026-05-12 13:26:44.281'),(14,4,2,2026,12,1,NULL,NULL,'2026-05-12 13:27:44.281'),(15,4,3,2026,12,1,NULL,NULL,'2026-05-12 13:28:44.281'),(16,4,4,2026,12,1,NULL,NULL,'2026-05-12 13:29:44.281'),(17,1,1,2026,-2,2,NULL,NULL,'2026-05-12 13:30:44.281'),(18,2,1,2026,-2,2,NULL,NULL,'2026-05-12 13:31:44.281'),(19,3,1,2026,-2,2,NULL,NULL,'2026-05-12 13:32:44.281'),(20,4,1,2026,-2,2,NULL,NULL,'2026-05-12 13:33:44.281');
/*!40000 ALTER TABLE `leave_balance_ledger` ENABLE KEYS */;
DROP TABLE IF EXISTS `leave_balances`;
/*!40101 SET @saved_cs_client     = @@character_set_client */;
/*!50503 SET character_set_client = utf8mb4 */;
CREATE TABLE `leave_balances` (
  `id` int NOT NULL AUTO_INCREMENT,
  `employee_id` int NOT NULL,
  `leave_type_id` int NOT NULL,
  `year` int NOT NULL,
  `days_remaining` int NOT NULL DEFAULT '0',
  `days_used` int NOT NULL DEFAULT '0',
  `days_encashed` int NOT NULL DEFAULT '0',
  `version` int NOT NULL DEFAULT '0',
  PRIMARY KEY (`id`),
  UNIQUE KEY `leave_balances_employee_id_leave_type_id_year_key` (`employee_id`,`leave_type_id`,`year`),
  KEY `leave_balances_employee_id_year_idx` (`employee_id`,`year`)
) ENGINE=InnoDB AUTO_INCREMENT=17 DEFAULT CHARSET=utf8mb4 COLLATE=utf8mb4_unicode_ci;
/*!40101 SET character_set_client = @saved_cs_client */;

/*!40000 ALTER TABLE `leave_balances` DISABLE KEYS */;
INSERT INTO `leave_balances` VALUES (1,1,1,2026,18,0,0,0),(2,1,2,2026,10,0,0,0),(3,1,3,2026,8,0,0,0),(4,1,4,2026,0,0,0,0),(5,2,1,2026,18,0,0,0),(6,2,2,2026,10,0,0,0),(7,2,3,2026,8,0,0,0),(8,2,4,2026,0,0,0,0),(9,3,1,2026,18,0,0,0),(10,3,2,2026,10,0,0,0),(11,3,3,2026,8,0,0,0),(12,3,4,2026,0,0,0,0),(13,4,1,2026,18,0,0,0),(14,4,2,2026,10,0,0,0),(15,4,3,2026,8,0,0,0),(16,4,4,2026,0,0,0,0);
/*!40000 ALTER TABLE `leave_balances` ENABLE KEYS */;
DROP TABLE IF EXISTS `leave_code_counters`;
/*!40101 SET @saved_cs_client     = @@character_set_client */;
/*!50503 SET character_set_client = utf8mb4 */;
CREATE TABLE `leave_code_counters` (
  `year` int NOT NULL,
  `number` int NOT NULL DEFAULT '0',
  PRIMARY KEY (`year`)
) ENGINE=InnoDB DEFAULT CHARSET=utf8mb4 COLLATE=utf8mb4_unicode_ci;
/*!40101 SET character_set_client = @saved_cs_client */;

/*!40000 ALTER TABLE `leave_code_counters` DISABLE KEYS */;
INSERT INTO `leave_code_counters` VALUES (2026,20);
/*!40000 ALTER TABLE `leave_code_counters` ENABLE KEYS */;
DROP TABLE IF EXISTS `leave_encashments`;
/*!40101 SET @saved_cs_client     = @@character_set_client */;
/*!50503 SET character_set_client = utf8mb4 */;
CREATE TABLE `leave_encashments` (
  `id` int NOT NULL AUTO_INCREMENT,
  `code` varchar(191) COLLATE utf8mb4_unicode_ci NOT NULL,
  `employee_id` int NOT NULL,
  `year` int NOT NULL,
  `days_requested` int NOT NULL,
  `days_approved` int DEFAULT NULL,
  `rate_per_day_paise` int DEFAULT NULL,
  `amount_paise` int DEFAULT NULL,
  `status` int NOT NULL DEFAULT '1' COMMENT '§3.3 1=Pending, 2=ManagerApproved, 3=AdminFinalised, 4=Paid, 5=Rejected, 6=Cancelled',
  `routed_to_id` int NOT NULL COMMENT '1=Manager, 2=Admin',
  `approver_id` int DEFAULT NULL,
  `decided_at` datetime(3) DEFAULT NULL,
  `decided_by` int DEFAULT NULL,
  `decision_note` text COLLATE utf8mb4_unicode_ci,
  `escalated_at` datetime(3) DEFAULT NULL,
  `paid_at` datetime(3) DEFAULT NULL,
  `cancelled_at` datetime(3) DEFAULT NULL,
  `cancelled_by` int DEFAULT NULL,
  `version` int NOT NULL DEFAULT '0',
  `created_at` datetime(3) NOT NULL DEFAULT CURRENT_TIMESTAMP(3),
  `updated_at` datetime(3) NOT NULL,
  PRIMARY KEY (`id`),
  UNIQUE KEY `leave_encashments_code_key` (`code`),
  KEY `leave_encashments_employee_id_year_status_id_idx` (`employee_id`,`year`,`status`)
) ENGINE=InnoDB AUTO_INCREMENT=21 DEFAULT CHARSET=utf8mb4 COLLATE=utf8mb4_unicode_ci;
/*!40101 SET character_set_client = @saved_cs_client */;

/*!40000 ALTER TABLE `leave_encashments` DISABLE KEYS */;
INSERT INTO `leave_encashments` VALUES (1,'LE-2026-0001',1,2026,1,NULL,NULL,NULL,1,1,NULL,NULL,NULL,NULL,NULL,NULL,NULL,NULL,0,'2026-05-12 13:34:44.353','2026-05-12 13:34:44.353'),(2,'LE-2026-0002',2,2026,2,NULL,NULL,NULL,2,2,1,'2026-05-11 13:34:44.281',1,NULL,NULL,NULL,NULL,NULL,0,'2026-05-12 13:34:44.353','2026-05-12 13:34:44.353'),(3,'LE-2026-0003',3,2026,3,3,200000,600000,3,2,1,'2026-05-10 13:34:44.281',1,NULL,NULL,NULL,NULL,NULL,0,'2026-05-12 13:34:44.353','2026-05-12 13:34:44.353'),(4,'LE-2026-0004',4,2026,4,4,200000,800000,4,2,1,'2026-05-09 13:34:44.281',1,NULL,NULL,'2026-05-12 10:34:44.281',NULL,NULL,0,'2026-05-12 13:34:44.353','2026-05-12 13:34:44.353'),(5,'LE-2026-0005',1,2026,5,5,200000,1000000,5,2,1,'2026-05-08 13:34:44.281',1,'Outside encashment window.',NULL,NULL,NULL,NULL,0,'2026-05-12 13:34:44.353','2026-05-12 13:34:44.353'),(6,'LE-2026-0006',2,2026,1,1,200000,200000,6,2,1,'2026-05-07 13:34:44.281',1,NULL,NULL,NULL,'2026-05-12 08:34:44.281',2,0,'2026-05-12 13:34:44.353','2026-05-12 13:34:44.353'),(7,'LE-2026-0007',3,2026,2,NULL,NULL,NULL,1,1,NULL,NULL,NULL,NULL,NULL,NULL,NULL,NULL,0,'2026-05-12 13:34:44.353','2026-05-12 13:34:44.353'),(8,'LE-2026-0008',4,2026,3,NULL,NULL,NULL,2,2,1,'2026-05-05 13:34:44.281',1,NULL,NULL,NULL,NULL,NULL,0,'2026-05-12 13:34:44.353','2026-05-12 13:34:44.353'),(9,'LE-2026-0009',1,2026,4,4,200000,800000,3,2,1,'2026-05-04 13:34:44.281',1,NULL,NULL,NULL,NULL,NULL,0,'2026-05-12 13:34:44.353','2026-05-12 13:34:44.353'),(10,'LE-2026-0010',2,2026,5,5,200000,1000000,4,2,1,'2026-05-03 13:34:44.281',1,NULL,NULL,'2026-05-12 04:34:44.281',NULL,NULL,0,'2026-05-12 13:34:44.353','2026-05-12 13:34:44.353'),(11,'LE-2026-0011',3,2026,1,1,200000,200000,5,2,1,'2026-05-02 13:34:44.281',1,'Outside encashment window.',NULL,NULL,NULL,NULL,0,'2026-05-12 13:34:44.353','2026-05-12 13:34:44.353'),(12,'LE-2026-0012',4,2026,2,2,200000,400000,6,2,1,'2026-05-01 13:34:44.281',1,NULL,NULL,NULL,'2026-05-12 02:34:44.281',4,0,'2026-05-12 13:34:44.353','2026-05-12 13:34:44.353'),(13,'LE-2026-0013',1,2026,3,NULL,NULL,NULL,1,1,NULL,NULL,NULL,NULL,NULL,NULL,NULL,NULL,0,'2026-05-12 13:34:44.353','2026-05-12 13:34:44.353'),(14,'LE-2026-0014',2,2026,4,NULL,NULL,NULL,2,2,1,'2026-04-29 13:34:44.281',1,NULL,NULL,NULL,NULL,NULL,0,'2026-05-12 13:34:44.353','2026-05-12 13:34:44.353'),(15,'LE-2026-0015',3,2026,5,5,200000,1000000,3,2,1,'2026-04-28 13:34:44.281',1,NULL,NULL,NULL,NULL,NULL,0,'2026-05-12 13:34:44.353','2026-05-12 13:34:44.353'),(16,'LE-2026-0016',4,2026,1,1,200000,200000,4,2,1,'2026-04-27 13:34:44.281',1,NULL,NULL,'2026-05-11 22:34:44.281',NULL,NULL,0,'2026-05-12 13:34:44.353','2026-05-12 13:34:44.353'),(17,'LE-2026-0017',1,2026,2,2,200000,400000,5,2,1,'2026-04-26 13:34:44.281',1,'Outside encashment window.',NULL,NULL,NULL,NULL,0,'2026-05-12 13:34:44.353','2026-05-12 13:34:44.353'),(18,'LE-2026-0018',2,2026,3,3,200000,600000,6,2,1,'2026-04-25 13:34:44.281',1,NULL,NULL,NULL,'2026-05-11 20:34:44.281',2,0,'2026-05-12 13:34:44.353','2026-05-12 13:34:44.353'),(19,'LE-2026-0019',3,2026,4,NULL,NULL,NULL,1,1,NULL,NULL,NULL,NULL,NULL,NULL,NULL,NULL,0,'2026-05-12 13:34:44.353','2026-05-12 13:34:44.353'),(20,'LE-2026-0020',4,2026,5,NULL,NULL,NULL,2,2,1,'2026-04-23 13:34:44.281',1,NULL,NULL,NULL,NULL,NULL,0,'2026-05-12 13:34:44.353','2026-05-12 13:34:44.353');
/*!40000 ALTER TABLE `leave_encashments` ENABLE KEYS */;
DROP TABLE IF EXISTS `leave_quotas`;
/*!40101 SET @saved_cs_client     = @@character_set_client */;
/*!50503 SET character_set_client = utf8mb4 */;
CREATE TABLE `leave_quotas` (
  `id` int NOT NULL AUTO_INCREMENT,
  `leave_type_id` int NOT NULL,
  `employment_type_id` int NOT NULL,
  `days_per_year` int NOT NULL,
  PRIMARY KEY (`id`),
  UNIQUE KEY `leave_quotas_leave_type_id_employment_type_id_key` (`leave_type_id`,`employment_type_id`)
) ENGINE=InnoDB AUTO_INCREMENT=17 DEFAULT CHARSET=utf8mb4 COLLATE=utf8mb4_unicode_ci;
/*!40101 SET character_set_client = @saved_cs_client */;

/*!40000 ALTER TABLE `leave_quotas` DISABLE KEYS */;
INSERT INTO `leave_quotas` VALUES (1,1,1,18),(2,1,2,12),(3,1,3,6),(4,1,4,3),(5,2,1,10),(6,2,2,7),(7,2,3,5),(8,2,4,3),(9,3,1,8),(10,3,2,6),(11,3,3,4),(12,3,4,2),(13,4,1,0),(14,4,2,0),(15,4,3,0),(16,4,4,0);
/*!40000 ALTER TABLE `leave_quotas` ENABLE KEYS */;
DROP TABLE IF EXISTS `leave_requests`;
/*!40101 SET @saved_cs_client     = @@character_set_client */;
/*!50503 SET character_set_client = utf8mb4 */;
CREATE TABLE `leave_requests` (
  `id` int NOT NULL AUTO_INCREMENT,
  `code` varchar(191) COLLATE utf8mb4_unicode_ci NOT NULL,
  `employee_id` int NOT NULL,
  `leave_type_id` int NOT NULL,
  `from_date` date NOT NULL,
  `to_date` date NOT NULL,
  `days` int NOT NULL,
  `reason` text COLLATE utf8mb4_unicode_ci NOT NULL,
  `status` int NOT NULL DEFAULT '1' COMMENT '§3.2 1=Pending, 2=Approved, 3=Rejected, 4=Cancelled, 5=Escalated',
  `routed_to_id` int NOT NULL COMMENT '1=Manager, 2=Admin',
  `approver_id` int DEFAULT NULL,
  `decided_at` datetime(3) DEFAULT NULL,
  `decided_by` int DEFAULT NULL,
  `decision_note` text COLLATE utf8mb4_unicode_ci,
  `escalated_at` datetime(3) DEFAULT NULL,
  `cancelled_at` datetime(3) DEFAULT NULL,
  `cancelled_by` int DEFAULT NULL,
  `cancelled_after_start` tinyint(1) NOT NULL DEFAULT '0',
  `deducted_days` int NOT NULL DEFAULT '0',
  `restored_days` int NOT NULL DEFAULT '0',
  `version` int NOT NULL DEFAULT '0',
  `created_at` datetime(3) NOT NULL DEFAULT CURRENT_TIMESTAMP(3),
  `updated_at` datetime(3) NOT NULL,
  PRIMARY KEY (`id`),
  UNIQUE KEY `leave_requests_code_key` (`code`),
  KEY `leave_requests_employee_id_status_id_idx` (`employee_id`,`status`),
  KEY `leave_requests_approver_id_status_id_idx` (`approver_id`,`status`),
  KEY `leave_requests_status_id_escalated_at_idx` (`status`,`escalated_at`)
) ENGINE=InnoDB AUTO_INCREMENT=21 DEFAULT CHARSET=utf8mb4 COLLATE=utf8mb4_unicode_ci;
/*!40101 SET character_set_client = @saved_cs_client */;

/*!40000 ALTER TABLE `leave_requests` DISABLE KEYS */;
INSERT INTO `leave_requests` VALUES (1,'L-2026-0001',1,1,'2026-04-05','2026-04-05',1,'Sample leave request #1',1,2,NULL,NULL,NULL,NULL,NULL,NULL,NULL,0,0,0,0,'2026-05-12 13:34:44.306','2026-05-12 13:34:44.306'),(2,'L-2026-0002',2,2,'2026-05-06','2026-05-07',2,'Sample leave request #2',2,2,1,'2026-05-11 18:34:44.281',1,NULL,NULL,NULL,NULL,0,2,0,0,'2026-05-12 13:34:44.306','2026-05-12 13:34:44.306'),(3,'L-2026-0003',3,3,'2026-06-07','2026-06-09',3,'Sample leave request #3',3,1,2,'2026-05-11 19:34:44.281',2,'Insufficient notice.',NULL,NULL,NULL,0,0,0,0,'2026-05-12 13:34:44.306','2026-05-12 13:34:44.306'),(4,'L-2026-0004',4,4,'2026-04-08','2026-04-08',1,'Sample leave request #4',4,2,1,'2026-05-11 20:34:44.281',1,NULL,NULL,'2026-05-12 10:34:44.281',4,0,0,1,0,'2026-05-12 13:34:44.306','2026-05-12 13:34:44.306'),(5,'L-2026-0005',1,5,'2026-05-09','2026-05-10',2,'Sample leave request #5',5,2,NULL,NULL,NULL,NULL,'2026-05-08 13:34:44.281',NULL,NULL,0,0,0,0,'2026-05-12 13:34:44.306','2026-05-12 13:34:44.306'),(6,'L-2026-0006',2,6,'2026-06-10','2026-06-12',3,'Sample leave request #6',1,2,NULL,NULL,NULL,NULL,NULL,NULL,NULL,0,0,0,0,'2026-05-12 13:34:44.306','2026-05-12 13:34:44.306'),(7,'L-2026-0007',3,1,'2026-04-11','2026-04-11',1,'Sample leave request #7',2,1,2,'2026-05-11 23:34:44.281',2,NULL,NULL,NULL,NULL,0,1,0,0,'2026-05-12 13:34:44.306','2026-05-12 13:34:44.306'),(8,'L-2026-0008',4,2,'2026-05-12','2026-05-13',2,'Sample leave request #8',3,2,1,'2026-05-12 00:34:44.281',1,'Insufficient notice.',NULL,NULL,NULL,0,0,0,0,'2026-05-12 13:34:44.306','2026-05-12 13:34:44.306'),(9,'L-2026-0009',1,3,'2026-06-13','2026-06-15',3,'Sample leave request #9',4,2,1,'2026-05-12 01:34:44.281',1,NULL,NULL,'2026-05-12 05:34:44.281',1,1,0,3,0,'2026-05-12 13:34:44.306','2026-05-12 13:34:44.306'),(10,'L-2026-0010',2,4,'2026-04-14','2026-04-14',1,'Sample leave request #10',5,2,NULL,NULL,NULL,NULL,'2026-05-03 13:34:44.281',NULL,NULL,0,0,0,0,'2026-05-12 13:34:44.306','2026-05-12 13:34:44.306'),(11,'L-2026-0011',3,5,'2026-05-15','2026-05-16',2,'Sample leave request #11',1,2,NULL,NULL,NULL,NULL,NULL,NULL,NULL,0,0,0,0,'2026-05-12 13:34:44.306','2026-05-12 13:34:44.306'),(12,'L-2026-0012',4,6,'2026-06-16','2026-06-18',3,'Sample leave request #12',2,2,1,'2026-05-12 04:34:44.281',1,NULL,NULL,NULL,NULL,0,3,0,0,'2026-05-12 13:34:44.306','2026-05-12 13:34:44.306'),(13,'L-2026-0013',1,1,'2026-04-17','2026-04-17',1,'Sample leave request #13',3,2,1,'2026-05-12 05:34:44.281',1,'Insufficient notice.',NULL,NULL,NULL,0,0,0,0,'2026-05-12 13:34:44.306','2026-05-12 13:34:44.306'),(14,'L-2026-0014',2,2,'2026-05-18','2026-05-19',2,'Sample leave request #14',4,2,1,'2026-05-12 06:34:44.281',1,NULL,NULL,'2026-05-12 00:34:44.281',2,0,0,2,0,'2026-05-12 13:34:44.306','2026-05-12 13:34:44.306'),(15,'L-2026-0015',3,3,'2026-06-19','2026-06-21',3,'Sample leave request #15',5,1,NULL,NULL,NULL,NULL,'2026-04-28 13:34:44.281',NULL,NULL,0,0,0,0,'2026-05-12 13:34:44.306','2026-05-12 13:34:44.306'),(16,'L-2026-0016',4,4,'2026-04-20','2026-04-20',1,'Sample leave request #16',1,2,NULL,NULL,NULL,NULL,NULL,NULL,NULL,0,0,0,0,'2026-05-12 13:34:44.306','2026-05-12 13:34:44.306'),(17,'L-2026-0017',1,5,'2026-05-21','2026-05-22',2,'Sample leave request #17',2,2,1,'2026-05-12 09:34:44.281',1,NULL,NULL,NULL,NULL,0,2,0,0,'2026-05-12 13:34:44.306','2026-05-12 13:34:44.306'),(18,'L-2026-0018',2,6,'2026-06-22','2026-06-24',3,'Sample leave request #18',3,2,1,'2026-05-12 10:34:44.281',1,'Insufficient notice.',NULL,NULL,NULL,0,0,0,0,'2026-05-12 13:34:44.306','2026-05-12 13:34:44.306'),(19,'L-2026-0019',3,1,'2026-04-23','2026-04-23',1,'Sample leave request #19',4,1,2,'2026-05-12 11:34:44.281',2,NULL,NULL,'2026-05-11 19:34:44.281',3,1,0,1,0,'2026-05-12 13:34:44.306','2026-05-12 13:34:44.306'),(20,'L-2026-0020',4,2,'2026-05-24','2026-05-25',2,'Sample leave request #20',5,2,NULL,NULL,NULL,NULL,'2026-04-23 13:34:44.281',NULL,NULL,0,0,0,0,'2026-05-12 13:34:44.306','2026-05-12 13:34:44.306');
/*!40000 ALTER TABLE `leave_requests` ENABLE KEYS */;
DROP TABLE IF EXISTS `leave_types`;
/*!40101 SET @saved_cs_client     = @@character_set_client */;
/*!50503 SET character_set_client = utf8mb4 */;
CREATE TABLE `leave_types` (
  `id` int NOT NULL AUTO_INCREMENT,
  `name` varchar(191) COLLATE utf8mb4_unicode_ci NOT NULL,
  `is_event_based` tinyint(1) NOT NULL,
  `requires_admin_approval` tinyint(1) NOT NULL,
  `carry_forward_cap` int DEFAULT NULL,
  `max_days_per_event` int DEFAULT NULL,
  `status` int NOT NULL DEFAULT '1' COMMENT '1=Active, 2=Deprecated',
  `created_at` datetime(3) NOT NULL DEFAULT CURRENT_TIMESTAMP(3),
  `updated_at` datetime(3) NOT NULL,
  PRIMARY KEY (`id`),
  UNIQUE KEY `leave_types_name_key` (`name`)
) ENGINE=InnoDB AUTO_INCREMENT=7 DEFAULT CHARSET=utf8mb4 COLLATE=utf8mb4_unicode_ci;
/*!40101 SET character_set_client = @saved_cs_client */;

/*!40000 ALTER TABLE `leave_types` DISABLE KEYS */;
INSERT INTO `leave_types` VALUES (1,'Annual',0,0,10,NULL,1,'2026-05-12 13:08:26.040','2026-05-12 18:01:55.957'),(2,'Sick',0,0,0,NULL,1,'2026-05-12 13:08:26.046','2026-05-12 18:01:55.963'),(3,'Casual',0,0,5,NULL,1,'2026-05-12 13:08:26.053','2026-05-12 18:01:55.969'),(4,'Unpaid',0,0,0,NULL,1,'2026-05-12 13:08:26.060','2026-05-12 18:01:55.974'),(5,'Maternity',1,1,NULL,182,1,'2026-05-12 13:08:26.065','2026-05-12 18:01:55.979'),(6,'Paternity',1,1,NULL,10,1,'2026-05-12 13:08:26.070','2026-05-12 18:01:55.983');
/*!40000 ALTER TABLE `leave_types` ENABLE KEYS */;
DROP TABLE IF EXISTS `login_attempts`;
/*!40101 SET @saved_cs_client     = @@character_set_client */;
/*!50503 SET character_set_client = utf8mb4 */;
CREATE TABLE `login_attempts` (
  `id` int NOT NULL AUTO_INCREMENT,
  `email` varchar(191) COLLATE utf8mb4_unicode_ci NOT NULL,
  `ip` varchar(191) COLLATE utf8mb4_unicode_ci NOT NULL,
  `success` tinyint(1) NOT NULL,
  `employee_id` int DEFAULT NULL,
  `created_at` datetime(3) NOT NULL DEFAULT CURRENT_TIMESTAMP(3),
  PRIMARY KEY (`id`),
  KEY `login_attempts_email_created_at_idx` (`email`,`created_at`),
  KEY `login_attempts_ip_created_at_idx` (`ip`,`created_at`)
) ENGINE=InnoDB AUTO_INCREMENT=58 DEFAULT CHARSET=utf8mb4 COLLATE=utf8mb4_unicode_ci;
/*!40101 SET character_set_client = @saved_cs_client */;

/*!40000 ALTER TABLE `login_attempts` DISABLE KEYS */;
INSERT INTO `login_attempts` VALUES (1,'abhishek@triline.co.in','::1',0,NULL,'2026-05-12 13:09:25.614'),(2,'abhishek@triline.co.in','::1',0,NULL,'2026-05-12 13:09:33.023'),(3,'abhishek@triline.co.in','::1',0,NULL,'2026-05-12 13:11:21.821'),(4,'admin@triline.co.in','10.0.0.100',0,NULL,'2026-05-11 20:34:44.281'),(5,'manager@triline.co.in','10.0.0.101',1,2,'2026-05-11 21:34:44.281'),(6,'employee@triline.co.in','10.0.0.102',1,3,'2026-05-11 22:34:44.281'),(7,'payroll@triline.co.in','10.0.0.103',0,NULL,'2026-05-11 23:34:44.281'),(8,'admin@triline.co.in','10.0.0.104',1,1,'2026-05-12 00:34:44.281'),(9,'manager@triline.co.in','10.0.0.105',1,2,'2026-05-12 01:34:44.281'),(10,'employee@triline.co.in','10.0.0.106',0,NULL,'2026-05-12 02:34:44.281'),(11,'payroll@triline.co.in','10.0.0.107',1,4,'2026-05-12 03:34:44.281'),(12,'admin@triline.co.in','10.0.0.108',1,1,'2026-05-12 04:34:44.281'),(13,'manager@triline.co.in','10.0.0.109',0,NULL,'2026-05-12 05:34:44.281'),(14,'employee@triline.co.in','10.0.0.110',1,3,'2026-05-12 06:34:44.281'),(15,'payroll@triline.co.in','10.0.0.111',1,4,'2026-05-12 07:34:44.281'),(16,'admin@triline.co.in','10.0.0.112',0,NULL,'2026-05-12 08:34:44.281'),(17,'manager@triline.co.in','10.0.0.113',1,2,'2026-05-12 09:34:44.281'),(18,'employee@triline.co.in','10.0.0.114',1,3,'2026-05-12 10:34:44.281'),(19,'payroll@triline.co.in','10.0.0.115',0,NULL,'2026-05-12 11:34:44.281'),(20,'admin@triline.co.in','10.0.0.116',1,1,'2026-05-12 12:34:44.281'),(21,'admin@triline.co.in','::ffff:127.0.0.1',1,1,'2026-05-12 18:03:23.139'),(22,'abhishek@triline.co.in','::1',0,NULL,'2026-05-12 18:51:18.924'),(23,'abhishek@triline.co.in','::1',0,NULL,'2026-05-12 19:09:14.501'),(24,'abhishek@triline.co.in','::1',0,NULL,'2026-05-12 19:09:31.957'),(25,'abhishek@triline.co.in','::1',0,NULL,'2026-05-12 19:25:57.725'),(26,'admin@triline.in','::1',0,NULL,'2026-05-12 19:26:32.511'),(27,'admin@triline.in','::1',0,NULL,'2026-05-12 19:26:43.885'),(28,'admin@triline.in','::1',0,NULL,'2026-05-12 19:26:44.185'),(29,'admin@triline.in','::1',0,NULL,'2026-05-12 19:26:44.496'),(30,'admin@triline.in','::1',0,NULL,'2026-05-12 19:26:44.863'),(31,'admin@triline.in','::1',0,NULL,'2026-05-12 19:26:45.185'),(32,'admin@triline.in','::1',0,NULL,'2026-05-12 19:26:45.499'),(33,'admin@triline.in','::1',0,NULL,'2026-05-12 19:26:45.846'),(34,'admin@triline.in','::1',0,NULL,'2026-05-12 19:26:46.243'),(35,'admin@triline.in','::1',0,NULL,'2026-05-12 19:26:46.674'),(36,'admin@triline.in','::1',0,NULL,'2026-05-12 19:26:47.087'),(37,'admin@triline.in','::1',0,NULL,'2026-05-12 19:26:47.464'),(38,'admin@triline.in','::1',0,NULL,'2026-05-12 19:26:47.766'),(39,'admin@triline.in','::1',0,NULL,'2026-05-12 19:26:48.044'),(40,'admin@triline.in','::1',0,NULL,'2026-05-12 19:26:48.352'),(41,'admin@triline.in','::1',0,NULL,'2026-05-12 19:26:50.417'),(42,'admin@triline.in','::1',0,NULL,'2026-05-12 19:26:51.106'),(43,'admin@triline.in','::1',0,NULL,'2026-05-12 19:26:51.530'),(44,'admin@triline.in','::1',0,NULL,'2026-05-12 19:26:51.912'),(45,'admin@triline.in','::1',0,NULL,'2026-05-12 19:26:52.165'),(46,'admin@triline.in','::1',0,NULL,'2026-05-12 19:26:52.514'),(47,'admin@triline.in','::1',0,NULL,'2026-05-12 19:26:52.844'),(48,'admin@triline.in','::1',0,NULL,'2026-05-12 19:26:53.167'),(49,'admin@triline.in','::1',0,NULL,'2026-05-12 19:26:53.510'),(50,'admin@triline.in','::1',0,NULL,'2026-05-12 19:26:53.846'),(51,'admin@triline.in','::1',0,NULL,'2026-05-12 20:21:21.082'),(52,'admin@triline.co.in','::1',1,1,'2026-05-12 20:22:58.765'),(53,'manager@triline.co.in','::1',1,2,'2026-05-12 20:42:45.424'),(54,'admin@triline.co.in','::ffff:127.0.0.1',1,1,'2026-05-12 20:57:02.018'),(55,'manager@triline.co.in','::ffff:127.0.0.1',1,2,'2026-05-12 20:57:02.119'),(56,'employee@triline.co.in','::ffff:127.0.0.1',1,3,'2026-05-12 20:57:02.197'),(57,'payroll@triline.co.in','::ffff:127.0.0.1',1,4,'2026-05-12 20:57:02.276');
/*!40000 ALTER TABLE `login_attempts` ENABLE KEYS */;
DROP TABLE IF EXISTS `notifications`;
/*!40101 SET @saved_cs_client     = @@character_set_client */;
/*!50503 SET character_set_client = utf8mb4 */;
CREATE TABLE `notifications` (
  `id` int NOT NULL AUTO_INCREMENT,
  `recipient_id` int NOT NULL,
  `category_id` int NOT NULL COMMENT '§3.7 1=Leave, 2=Attendance, 3=Payroll, 4=Performance, 5=Status, 6=Configuration, 7=Auth, 8=System',
  `title` varchar(191) COLLATE utf8mb4_unicode_ci NOT NULL,
  `body` text COLLATE utf8mb4_unicode_ci NOT NULL,
  `link` varchar(191) COLLATE utf8mb4_unicode_ci DEFAULT NULL,
  `unread` tinyint(1) NOT NULL DEFAULT '1',
  `audit_log_id` int DEFAULT NULL,
  `created_at` datetime(3) NOT NULL DEFAULT CURRENT_TIMESTAMP(3),
  PRIMARY KEY (`id`),
  KEY `notifications_recipient_id_unread_created_at_idx` (`recipient_id`,`unread`,`created_at` DESC),
  KEY `notifications_created_at_idx` (`created_at`)
) ENGINE=InnoDB AUTO_INCREMENT=22 DEFAULT CHARSET=utf8mb4 COLLATE=utf8mb4_unicode_ci;
/*!40101 SET character_set_client = @saved_cs_client */;

/*!40000 ALTER TABLE `notifications` DISABLE KEYS */;
INSERT INTO `notifications` VALUES (1,1,1,'Leave request approved','Dummy notification body #1 — auto-generated for staging QA.',NULL,0,NULL,'2026-05-12 03:34:44.281'),(2,2,2,'Late mark recorded for today','Dummy notification body #2 — auto-generated for staging QA.',NULL,0,NULL,'2026-05-12 04:04:44.281'),(3,3,3,'Payslip ready for download','Dummy notification body #3 — auto-generated for staging QA.',NULL,1,NULL,'2026-05-12 04:34:44.281'),(4,4,4,'Self-review window opens tomorrow','Dummy notification body #4 — auto-generated for staging QA.',NULL,0,NULL,'2026-05-12 05:04:44.281'),(5,1,5,'Your reporting manager has changed','Dummy notification body #5 — auto-generated for staging QA.',NULL,0,NULL,'2026-05-12 05:34:44.281'),(6,2,6,'Late threshold updated by Admin','Dummy notification body #6 — auto-generated for staging QA.',NULL,0,NULL,'2026-05-12 06:04:44.281'),(7,3,7,'New session signed in from 10.0.0.42','Dummy notification body #7 — auto-generated for staging QA.',NULL,0,NULL,'2026-05-12 06:34:44.281'),(8,4,8,'System maintenance window: Saturday 2 AM IST','Dummy notification body #8 — auto-generated for staging QA.',NULL,1,NULL,'2026-05-12 07:04:44.281'),(9,1,1,'Leave request approved','Dummy notification body #9 — auto-generated for staging QA.',NULL,0,NULL,'2026-05-12 07:34:44.281'),(10,2,2,'Late mark recorded for today','Dummy notification body #10 — auto-generated for staging QA.',NULL,0,NULL,'2026-05-12 08:04:44.281'),(11,3,3,'Payslip ready for download','Dummy notification body #11 — auto-generated for staging QA.',NULL,1,NULL,'2026-05-12 08:34:44.281'),(12,4,4,'Self-review window opens tomorrow','Dummy notification body #12 — auto-generated for staging QA.',NULL,1,NULL,'2026-05-12 09:04:44.281'),(13,1,5,'Your reporting manager has changed','Dummy notification body #13 — auto-generated for staging QA.',NULL,0,NULL,'2026-05-12 09:34:44.281'),(14,2,6,'Late threshold updated by Admin','Dummy notification body #14 — auto-generated for staging QA.',NULL,0,NULL,'2026-05-12 10:04:44.281'),(15,3,7,'New session signed in from 10.0.0.42','Dummy notification body #15 — auto-generated for staging QA.',NULL,1,NULL,'2026-05-12 10:34:44.281'),(16,4,8,'System maintenance window: Saturday 2 AM IST','Dummy notification body #16 — auto-generated for staging QA.',NULL,0,NULL,'2026-05-12 11:04:44.281'),(17,1,1,'Leave request approved','Dummy notification body #17 — auto-generated for staging QA.',NULL,0,NULL,'2026-05-12 11:34:44.281'),(18,2,2,'Late mark recorded for today','Dummy notification body #18 — auto-generated for staging QA.',NULL,0,NULL,'2026-05-12 12:04:44.281'),(19,3,3,'Payslip ready for download','Dummy notification body #19 — auto-generated for staging QA.',NULL,0,NULL,'2026-05-12 12:34:44.281'),(20,4,4,'Self-review window opens tomorrow','Dummy notification body #20 — auto-generated for staging QA.',NULL,1,NULL,'2026-05-12 13:04:44.281'),(21,3,4,'Your manager submitted your performance rating','Your manager has submitted your performance rating for cycle C-2026-H1.','/employee/performance/7',1,NULL,'2026-05-12 20:48:04.404');
/*!40000 ALTER TABLE `notifications` ENABLE KEYS */;
DROP TABLE IF EXISTS `password_reset_tokens`;
/*!40101 SET @saved_cs_client     = @@character_set_client */;
/*!50503 SET character_set_client = utf8mb4 */;
CREATE TABLE `password_reset_tokens` (
  `id` int NOT NULL AUTO_INCREMENT,
  `token_hash` varchar(191) COLLATE utf8mb4_unicode_ci NOT NULL,
  `employee_id` int NOT NULL,
  `purpose_id` int NOT NULL COMMENT '§3.8 1=FirstLogin, 2=ResetPassword',
  `expires_at` datetime(3) NOT NULL,
  `used_at` datetime(3) DEFAULT NULL,
  `created_at` datetime(3) NOT NULL DEFAULT CURRENT_TIMESTAMP(3),
  PRIMARY KEY (`id`),
  UNIQUE KEY `password_reset_tokens_token_hash_key` (`token_hash`),
  KEY `password_reset_tokens_employee_id_idx` (`employee_id`),
  KEY `password_reset_tokens_expires_at_idx` (`expires_at`)
) ENGINE=InnoDB AUTO_INCREMENT=21 DEFAULT CHARSET=utf8mb4 COLLATE=utf8mb4_unicode_ci;
/*!40101 SET character_set_client = @saved_cs_client */;

/*!40000 ALTER TABLE `password_reset_tokens` DISABLE KEYS */;
INSERT INTO `password_reset_tokens` VALUES (1,'0804763a84ed82410b53c0fc7ae19654e30cd54686a56857111c038ef9a7591b',1,1,'2026-05-11 13:34:44.281','2026-05-12 13:34:44.281','2026-05-12 13:34:44.296'),(2,'5b7f74e15eb14baf4033d9f1672dfb1c74b159a8a41c41e3936d613b1f6f238d',2,2,'2026-05-13 13:34:44.281',NULL,'2026-05-12 13:34:44.296'),(3,'a861d13002b46d5ad28868ceecb1ff9ec1d48b5850144e66f479d2494943719b',3,2,'2026-05-13 13:34:44.281',NULL,'2026-05-12 13:34:44.296'),(4,'26054c26d51b8e1703d91dd036329def4776cad25b73b5b72b2adb8abd463637',4,2,'2026-05-13 13:34:44.281','2026-05-12 10:34:44.281','2026-05-12 13:34:44.296'),(5,'2259abc881aad1fb83cdb87f6e715c21f84243407e523d3328e99fb44d497193',1,2,'2026-05-11 13:34:44.281',NULL,'2026-05-12 13:34:44.296'),(6,'5f85e0a35f1da961658a507c3263f8c48166aed459c0f11ba5632f4699934a2a',2,1,'2026-05-13 13:34:44.281',NULL,'2026-05-12 13:34:44.296'),(7,'6018bd3b6ea814974887ae15ce919a96418abfa5a05600e547da3253cc72fdbc',3,2,'2026-05-13 13:34:44.281','2026-05-12 07:34:44.281','2026-05-12 13:34:44.296'),(8,'65d57a78011eb802f1af7f44ab323e6082f3fa584be26b1fc29c521574aefa07',4,2,'2026-05-13 13:34:44.281',NULL,'2026-05-12 13:34:44.296'),(9,'bf3e4f9eae240549d49bf3efe53aaa583051e0048f9068c6729c4ab281e432f5',1,2,'2026-05-11 13:34:44.281',NULL,'2026-05-12 13:34:44.296'),(10,'117f75ec6d05c9e7fa78fc4a998c25bce2d40d11fcd2cf2c7ef55eb9934b388b',2,2,'2026-05-13 13:34:44.281','2026-05-12 04:34:44.281','2026-05-12 13:34:44.296'),(11,'e520dc94d57f9b6109e30842644be5db053b5f26f3406bd5045e6d3ccfceceed',3,1,'2026-05-13 13:34:44.281',NULL,'2026-05-12 13:34:44.296'),(12,'fc4ec1543f2615a0502e82ebfbcefcedaa368ee586694eefc79210a98096c836',4,2,'2026-05-13 13:34:44.281',NULL,'2026-05-12 13:34:44.296'),(13,'01438d2f3dcbfc77e6edebaf831dc398e806ebf76d4fa112e51727d985c80dce',1,2,'2026-05-11 13:34:44.281','2026-05-12 01:34:44.281','2026-05-12 13:34:44.296'),(14,'bb86df196bf7fcb0df05b85904230bea89db7f08c6d368705e288a57de1ded38',2,2,'2026-05-13 13:34:44.281',NULL,'2026-05-12 13:34:44.296'),(15,'16b5461d7e64f667eec88c256fc441903e9406b704535c73b6790bbeeefa36cf',3,2,'2026-05-13 13:34:44.281',NULL,'2026-05-12 13:34:44.296'),(16,'389a1344cdb42de7c06b32b1357030269f1a92a0e4204f5425f8041a8ba2ac58',4,1,'2026-05-13 13:34:44.281','2026-05-11 22:34:44.281','2026-05-12 13:34:44.296'),(17,'9c5535bcf4ea795e20dceebbd6c2fd61d5fc436a3173ace0463b05b8a5497f3d',1,2,'2026-05-11 13:34:44.281',NULL,'2026-05-12 13:34:44.296'),(18,'e3ec743375c1f4ffb58dd5dd2500e301ec3b0c7571630df6ba77f8c3c883ccf6',2,2,'2026-05-13 13:34:44.281',NULL,'2026-05-12 13:34:44.296'),(19,'371eee0f47bf218ecae32fa84df74249a6533974be282e43d0649e3979df2eca',3,2,'2026-05-13 13:34:44.281','2026-05-11 19:34:44.281','2026-05-12 13:34:44.296'),(20,'1267ad0c91ac9d0ddb731f72f26eef4f4acd04418adb9b9d26279cf733d9402a',4,2,'2026-05-13 13:34:44.281',NULL,'2026-05-12 13:34:44.296');
/*!40000 ALTER TABLE `password_reset_tokens` ENABLE KEYS */;
DROP TABLE IF EXISTS `payroll_code_counters`;
/*!40101 SET @saved_cs_client     = @@character_set_client */;
/*!50503 SET character_set_client = utf8mb4 */;
CREATE TABLE `payroll_code_counters` (
  `year` int NOT NULL,
  `month` int NOT NULL,
  `number` int NOT NULL DEFAULT '0',
  PRIMARY KEY (`year`,`month`)
) ENGINE=InnoDB DEFAULT CHARSET=utf8mb4 COLLATE=utf8mb4_unicode_ci;
/*!40101 SET character_set_client = @saved_cs_client */;

/*!40000 ALTER TABLE `payroll_code_counters` DISABLE KEYS */;
INSERT INTO `payroll_code_counters` VALUES (2026,1,1),(2026,2,1),(2026,3,1),(2026,4,1),(2026,5,1);
/*!40000 ALTER TABLE `payroll_code_counters` ENABLE KEYS */;
DROP TABLE IF EXISTS `payroll_runs`;
/*!40101 SET @saved_cs_client     = @@character_set_client */;
/*!50503 SET character_set_client = utf8mb4 */;
CREATE TABLE `payroll_runs` (
  `id` int NOT NULL AUTO_INCREMENT,
  `code` varchar(191) COLLATE utf8mb4_unicode_ci NOT NULL,
  `month` int NOT NULL,
  `year` int NOT NULL,
  `status` int NOT NULL DEFAULT '2' COMMENT '§3.5 1=Draft, 2=Review, 3=Finalised, 4=Reversed',
  `working_days` int NOT NULL,
  `period_start` date NOT NULL,
  `period_end` date NOT NULL,
  `initiated_by` int NOT NULL,
  `initiated_at` datetime(3) NOT NULL DEFAULT CURRENT_TIMESTAMP(3),
  `finalised_by` int DEFAULT NULL,
  `finalised_at` datetime(3) DEFAULT NULL,
  `reversed_by` int DEFAULT NULL,
  `reversed_at` datetime(3) DEFAULT NULL,
  `reversal_reason` text COLLATE utf8mb4_unicode_ci,
  `reversal_of_run_id` int DEFAULT NULL,
  `version` int NOT NULL DEFAULT '0',
  PRIMARY KEY (`id`),
  UNIQUE KEY `payroll_runs_code_key` (`code`),
  UNIQUE KEY `payroll_runs_month_year_reversal_of_run_id_key` (`month`,`year`,`reversal_of_run_id`),
  KEY `payroll_runs_status_id_year_month_idx` (`status`,`year`,`month`)
) ENGINE=InnoDB AUTO_INCREMENT=6 DEFAULT CHARSET=utf8mb4 COLLATE=utf8mb4_unicode_ci;
/*!40101 SET character_set_client = @saved_cs_client */;

/*!40000 ALTER TABLE `payroll_runs` DISABLE KEYS */;
INSERT INTO `payroll_runs` VALUES (1,'RUN-2026-01',1,2026,3,22,'2026-01-01','2026-01-31',4,'2026-01-30 00:00:00.000',1,'2026-02-01 00:00:00.000',NULL,NULL,NULL,NULL,0),(2,'RUN-2026-02',2,2026,3,22,'2026-02-01','2026-02-28',4,'2026-02-27 00:00:00.000',1,'2026-03-01 00:00:00.000',NULL,NULL,NULL,NULL,0),(3,'RUN-2026-03',3,2026,3,22,'2026-03-01','2026-03-31',4,'2026-03-30 00:00:00.000',1,'2026-04-01 00:00:00.000',NULL,NULL,NULL,NULL,0),(4,'RUN-2026-04',4,2026,3,22,'2026-04-01','2026-04-30',4,'2026-04-29 00:00:00.000',1,'2026-05-01 00:00:00.000',NULL,NULL,NULL,NULL,0),(5,'RUN-2026-05',5,2026,2,22,'2026-05-01','2026-05-31',4,'2026-05-30 00:00:00.000',NULL,NULL,NULL,NULL,NULL,NULL,0);
/*!40000 ALTER TABLE `payroll_runs` ENABLE KEYS */;
DROP TABLE IF EXISTS `payslips`;
/*!40101 SET @saved_cs_client     = @@character_set_client */;
/*!50503 SET character_set_client = utf8mb4 */;
CREATE TABLE `payslips` (
  `id` int NOT NULL AUTO_INCREMENT,
  `code` varchar(191) COLLATE utf8mb4_unicode_ci NOT NULL,
  `run_id` int NOT NULL,
  `employee_id` int NOT NULL,
  `month` int NOT NULL,
  `year` int NOT NULL,
  `status` int NOT NULL DEFAULT '2' COMMENT '§3.5 1=Draft, 2=Review, 3=Finalised, 4=Reversed',
  `period_start` date NOT NULL,
  `period_end` date NOT NULL,
  `working_days` int NOT NULL,
  `days_worked` int NOT NULL,
  `lop_days` int NOT NULL DEFAULT '0',
  `basic_paise` int NOT NULL,
  `allowances_paise` int NOT NULL,
  `gross_paise` int NOT NULL,
  `lop_deduction_paise` int NOT NULL DEFAULT '0',
  `reference_tax_paise` int NOT NULL DEFAULT '0',
  `final_tax_paise` int NOT NULL DEFAULT '0',
  `other_deductions_paise` int NOT NULL DEFAULT '0',
  `net_pay_paise` int NOT NULL,
  `encashment_days` int NOT NULL DEFAULT '0',
  `encashment_paise` int NOT NULL DEFAULT '0',
  `encashment_id` int DEFAULT NULL,
  `finalised_at` datetime(3) DEFAULT NULL,
  `reversal_of_payslip_id` int DEFAULT NULL,
  `reversed_by_payslip_id` int DEFAULT NULL,
  `version` int NOT NULL DEFAULT '0',
  `created_at` datetime(3) NOT NULL DEFAULT CURRENT_TIMESTAMP(3),
  `updated_at` datetime(3) NOT NULL,
  PRIMARY KEY (`id`),
  UNIQUE KEY `payslips_code_key` (`code`),
  UNIQUE KEY `payslips_run_id_employee_id_key` (`run_id`,`employee_id`),
  UNIQUE KEY `payslips_encashment_id_key` (`encashment_id`),
  UNIQUE KEY `payslips_reversal_of_payslip_id_key` (`reversal_of_payslip_id`),
  UNIQUE KEY `payslips_reversed_by_payslip_id_key` (`reversed_by_payslip_id`),
  KEY `payslips_employee_id_year_month_idx` (`employee_id`,`year`,`month`)
) ENGINE=InnoDB AUTO_INCREMENT=21 DEFAULT CHARSET=utf8mb4 COLLATE=utf8mb4_unicode_ci;
/*!40101 SET character_set_client = @saved_cs_client */;

/*!40000 ALTER TABLE `payslips` DISABLE KEYS */;
INSERT INTO `payslips` VALUES (1,'P-2026-01-0001',1,1,1,2026,3,'2026-01-01','2026-01-31',22,22,0,5000000,2000000,7000000,0,665000,665000,200000,6135000,0,0,NULL,'2026-02-01 00:00:00.000',NULL,NULL,0,'2026-05-12 13:34:44.380','2026-05-12 13:34:44.380'),(2,'P-2026-01-0002',1,2,1,2026,3,'2026-01-01','2026-01-31',22,22,0,5000000,2000000,7000000,0,665000,665000,200000,6135000,0,0,NULL,'2026-02-01 00:00:00.000',NULL,NULL,0,'2026-05-12 13:34:44.386','2026-05-12 13:34:44.386'),(3,'P-2026-01-0003',1,3,1,2026,3,'2026-01-01','2026-01-31',22,22,0,5000000,2000000,7000000,0,665000,665000,200000,6135000,0,0,NULL,'2026-02-01 00:00:00.000',NULL,NULL,0,'2026-05-12 13:34:44.402','2026-05-12 13:34:44.402'),(4,'P-2026-01-0004',1,4,1,2026,3,'2026-01-01','2026-01-31',22,22,0,5000000,2000000,7000000,0,665000,665000,200000,6135000,0,0,NULL,'2026-02-01 00:00:00.000',NULL,NULL,0,'2026-05-12 13:34:44.414','2026-05-12 13:34:44.414'),(5,'P-2026-02-0005',2,1,2,2026,3,'2026-02-01','2026-02-28',22,22,0,5000000,2000000,7000000,0,665000,665000,200000,6135000,0,0,NULL,'2026-03-01 00:00:00.000',NULL,NULL,0,'2026-05-12 13:34:44.419','2026-05-12 13:34:44.419'),(6,'P-2026-02-0006',2,2,2,2026,3,'2026-02-01','2026-02-28',22,22,0,5000000,2000000,7000000,0,665000,665000,200000,6135000,0,0,NULL,'2026-03-01 00:00:00.000',NULL,NULL,0,'2026-05-12 13:34:44.423','2026-05-12 13:34:44.423'),(7,'P-2026-02-0007',2,3,2,2026,3,'2026-02-01','2026-02-28',22,22,0,5000000,2000000,7000000,0,665000,665000,200000,6135000,0,0,NULL,'2026-03-01 00:00:00.000',NULL,NULL,0,'2026-05-12 13:34:44.427','2026-05-12 13:34:44.427'),(8,'P-2026-02-0008',2,4,2,2026,3,'2026-02-01','2026-02-28',22,22,0,5000000,2000000,7000000,0,665000,665000,200000,6135000,0,0,NULL,'2026-03-01 00:00:00.000',NULL,NULL,0,'2026-05-12 13:34:44.432','2026-05-12 13:34:44.432'),(9,'P-2026-03-0009',3,1,3,2026,3,'2026-03-01','2026-03-31',22,22,0,5000000,2000000,7000000,0,665000,665000,200000,6135000,0,0,NULL,'2026-04-01 00:00:00.000',NULL,NULL,0,'2026-05-12 13:34:44.436','2026-05-12 13:34:44.436'),(10,'P-2026-03-0010',3,2,3,2026,3,'2026-03-01','2026-03-31',22,22,0,5000000,2000000,7000000,0,665000,665000,200000,6135000,0,0,NULL,'2026-04-01 00:00:00.000',NULL,NULL,0,'2026-05-12 13:34:44.440','2026-05-12 13:34:44.440'),(11,'P-2026-03-0011',3,3,3,2026,3,'2026-03-01','2026-03-31',22,22,0,5000000,2000000,7000000,0,665000,665000,200000,6135000,0,0,NULL,'2026-04-01 00:00:00.000',NULL,NULL,0,'2026-05-12 13:34:44.444','2026-05-12 13:34:44.444'),(12,'P-2026-03-0012',3,4,3,2026,3,'2026-03-01','2026-03-31',22,22,0,5000000,2000000,7000000,0,665000,665000,200000,6135000,0,0,NULL,'2026-04-01 00:00:00.000',NULL,NULL,0,'2026-05-12 13:34:44.448','2026-05-12 13:34:44.448'),(13,'P-2026-04-0013',4,1,4,2026,3,'2026-04-01','2026-04-30',22,22,0,5000000,2000000,7000000,0,665000,665000,200000,6135000,0,0,NULL,'2026-05-01 00:00:00.000',NULL,NULL,0,'2026-05-12 13:34:44.453','2026-05-12 13:34:44.453'),(14,'P-2026-04-0014',4,2,4,2026,3,'2026-04-01','2026-04-30',22,22,0,5000000,2000000,7000000,0,665000,665000,200000,6135000,0,0,NULL,'2026-05-01 00:00:00.000',NULL,NULL,0,'2026-05-12 13:34:44.457','2026-05-12 13:34:44.457'),(15,'P-2026-04-0015',4,3,4,2026,3,'2026-04-01','2026-04-30',22,22,0,5000000,2000000,7000000,0,665000,665000,200000,6135000,0,0,NULL,'2026-05-01 00:00:00.000',NULL,NULL,0,'2026-05-12 13:34:44.462','2026-05-12 13:34:44.462'),(16,'P-2026-04-0016',4,4,4,2026,3,'2026-04-01','2026-04-30',22,22,0,5000000,2000000,7000000,0,665000,665000,200000,6135000,0,0,NULL,'2026-05-01 00:00:00.000',NULL,NULL,0,'2026-05-12 13:34:44.466','2026-05-12 13:34:44.466'),(17,'P-2026-05-0017',5,1,5,2026,2,'2026-05-01','2026-05-31',22,22,0,5000000,2000000,7000000,0,665000,665000,200000,6135000,0,0,NULL,NULL,NULL,NULL,0,'2026-05-12 13:34:44.470','2026-05-12 13:34:44.470'),(18,'P-2026-05-0018',5,2,5,2026,2,'2026-05-01','2026-05-31',22,22,0,5000000,2000000,7000000,0,665000,665000,200000,6135000,0,0,NULL,NULL,NULL,NULL,0,'2026-05-12 13:34:44.474','2026-05-12 13:34:44.474'),(19,'P-2026-05-0019',5,3,5,2026,2,'2026-05-01','2026-05-31',22,22,0,5000000,2000000,7000000,0,665000,665000,200000,6135000,0,0,NULL,NULL,NULL,NULL,0,'2026-05-12 13:34:44.478','2026-05-12 13:34:44.478'),(20,'P-2026-05-0020',5,4,5,2026,2,'2026-05-01','2026-05-31',22,22,0,5000000,2000000,7000000,0,665000,665000,200000,6135000,0,0,NULL,NULL,NULL,NULL,0,'2026-05-12 13:34:44.483','2026-05-12 13:34:44.483');
/*!40000 ALTER TABLE `payslips` ENABLE KEYS */;
DROP TABLE IF EXISTS `performance_cycles`;
/*!40101 SET @saved_cs_client     = @@character_set_client */;
/*!50503 SET character_set_client = utf8mb4 */;
CREATE TABLE `performance_cycles` (
  `id` int NOT NULL AUTO_INCREMENT,
  `code` varchar(191) COLLATE utf8mb4_unicode_ci NOT NULL,
  `fy_start` date NOT NULL,
  `fy_end` date NOT NULL,
  `status` int NOT NULL DEFAULT '1' COMMENT '§3.6 1=Open, 2=SelfReview, 3=ManagerReview, 4=Closed',
  `self_review_deadline` date NOT NULL,
  `manager_review_deadline` date NOT NULL,
  `closed_at` datetime(3) DEFAULT NULL,
  `closed_by` int DEFAULT NULL,
  `created_by` int NOT NULL,
  `created_at` datetime(3) NOT NULL DEFAULT CURRENT_TIMESTAMP(3),
  `updated_at` datetime(3) NOT NULL,
  `version` int NOT NULL DEFAULT '0',
  PRIMARY KEY (`id`),
  UNIQUE KEY `performance_cycles_code_key` (`code`)
) ENGINE=InnoDB AUTO_INCREMENT=3 DEFAULT CHARSET=utf8mb4 COLLATE=utf8mb4_unicode_ci;
/*!40101 SET character_set_client = @saved_cs_client */;

/*!40000 ALTER TABLE `performance_cycles` DISABLE KEYS */;
INSERT INTO `performance_cycles` VALUES (1,'C-2025-H2','2025-10-01','2026-03-31',4,'2026-02-15','2026-03-01','2026-03-05 00:00:00.000',1,1,'2026-05-12 13:34:44.488','2026-05-12 13:34:44.488',0),(2,'C-2026-H1','2026-04-01','2026-09-30',1,'2026-08-15','2026-09-01',NULL,NULL,1,'2026-05-12 13:34:44.488','2026-05-12 13:34:44.488',0);
/*!40000 ALTER TABLE `performance_cycles` ENABLE KEYS */;
DROP TABLE IF EXISTS `performance_reviews`;
/*!40101 SET @saved_cs_client     = @@character_set_client */;
/*!50503 SET character_set_client = utf8mb4 */;
CREATE TABLE `performance_reviews` (
  `id` int NOT NULL AUTO_INCREMENT,
  `cycle_id` int NOT NULL,
  `employee_id` int NOT NULL,
  `manager_id` int DEFAULT NULL,
  `previous_manager_id` int DEFAULT NULL,
  `self_rating` int DEFAULT NULL,
  `self_note` text COLLATE utf8mb4_unicode_ci,
  `manager_rating` int DEFAULT NULL,
  `manager_note` text COLLATE utf8mb4_unicode_ci,
  `manager_overrode_self` tinyint(1) NOT NULL DEFAULT '0',
  `final_rating` int DEFAULT NULL,
  `locked_at` datetime(3) DEFAULT NULL,
  `version` int NOT NULL DEFAULT '0',
  `created_at` datetime(3) NOT NULL DEFAULT CURRENT_TIMESTAMP(3),
  `updated_at` datetime(3) NOT NULL,
  PRIMARY KEY (`id`),
  UNIQUE KEY `performance_reviews_cycle_id_employee_id_key` (`cycle_id`,`employee_id`),
  KEY `performance_reviews_employee_id_idx` (`employee_id`)
) ENGINE=InnoDB AUTO_INCREMENT=9 DEFAULT CHARSET=utf8mb4 COLLATE=utf8mb4_unicode_ci;
/*!40101 SET character_set_client = @saved_cs_client */;

/*!40000 ALTER TABLE `performance_reviews` DISABLE KEYS */;
INSERT INTO `performance_reviews` VALUES (1,1,1,NULL,NULL,4,'Met all key objectives this cycle.',4,'Solid performance — exceeded expectations on the Q3 launch.',0,4,'2026-03-05 00:00:00.000',0,'2026-05-12 13:34:44.493','2026-05-12 13:34:44.493'),(2,1,2,1,NULL,4,'Met all key objectives this cycle.',4,'Solid performance — exceeded expectations on the Q3 launch.',0,4,'2026-03-05 00:00:00.000',0,'2026-05-12 13:34:44.496','2026-05-12 13:34:44.496'),(3,1,3,2,NULL,4,'Met all key objectives this cycle.',4,'Solid performance — exceeded expectations on the Q3 launch.',0,4,'2026-03-05 00:00:00.000',0,'2026-05-12 13:34:44.501','2026-05-12 13:34:44.501'),(4,1,4,1,NULL,4,'Met all key objectives this cycle.',4,'Solid performance — exceeded expectations on the Q3 launch.',0,4,'2026-03-05 00:00:00.000',0,'2026-05-12 13:34:44.504','2026-05-12 13:34:44.504'),(5,2,1,NULL,NULL,3,'Met all key objectives this cycle.',NULL,NULL,0,NULL,NULL,0,'2026-05-12 13:34:44.508','2026-05-12 13:34:44.508'),(6,2,2,1,NULL,3,'Met all key objectives this cycle.',NULL,NULL,0,NULL,NULL,0,'2026-05-12 13:34:44.512','2026-05-12 13:34:44.512'),(7,2,3,2,NULL,3,'Met all key objectives this cycle.',4,'could be better',1,NULL,NULL,1,'2026-05-12 13:34:44.516','2026-05-12 20:48:04.394'),(8,2,4,1,NULL,3,'Met all key objectives this cycle.',NULL,NULL,0,NULL,NULL,0,'2026-05-12 13:34:44.520','2026-05-12 13:34:44.520');
/*!40000 ALTER TABLE `performance_reviews` ENABLE KEYS */;
DROP TABLE IF EXISTS `reg_code_counters`;
/*!40101 SET @saved_cs_client     = @@character_set_client */;
/*!50503 SET character_set_client = utf8mb4 */;
CREATE TABLE `reg_code_counters` (
  `year` int NOT NULL,
  `number` int NOT NULL DEFAULT '0',
  PRIMARY KEY (`year`)
) ENGINE=InnoDB DEFAULT CHARSET=utf8mb4 COLLATE=utf8mb4_unicode_ci;
/*!40101 SET character_set_client = @saved_cs_client */;

/*!40000 ALTER TABLE `reg_code_counters` DISABLE KEYS */;
INSERT INTO `reg_code_counters` VALUES (2026,20);
/*!40000 ALTER TABLE `reg_code_counters` ENABLE KEYS */;
DROP TABLE IF EXISTS `regularisation_requests`;
/*!40101 SET @saved_cs_client     = @@character_set_client */;
/*!50503 SET character_set_client = utf8mb4 */;
CREATE TABLE `regularisation_requests` (
  `id` int NOT NULL AUTO_INCREMENT,
  `code` varchar(191) COLLATE utf8mb4_unicode_ci NOT NULL,
  `employee_id` int NOT NULL,
  `date` date NOT NULL,
  `proposed_check_in` datetime(3) DEFAULT NULL,
  `proposed_check_out` datetime(3) DEFAULT NULL,
  `reason` text COLLATE utf8mb4_unicode_ci NOT NULL,
  `status` int NOT NULL DEFAULT '1' COMMENT '§3.4 1=Pending, 2=Approved, 3=Rejected',
  `routed_to_id` int NOT NULL COMMENT '1=Manager, 2=Admin',
  `age_days_at_submit` int NOT NULL,
  `approver_id` int DEFAULT NULL,
  `decided_at` datetime(3) DEFAULT NULL,
  `decided_by` int DEFAULT NULL,
  `decision_note` text COLLATE utf8mb4_unicode_ci,
  `corrected_record_id` int DEFAULT NULL,
  `version` int NOT NULL DEFAULT '0',
  `created_at` datetime(3) NOT NULL DEFAULT CURRENT_TIMESTAMP(3),
  `updated_at` datetime(3) NOT NULL,
  PRIMARY KEY (`id`),
  UNIQUE KEY `regularisation_requests_code_key` (`code`),
  UNIQUE KEY `regularisation_requests_corrected_record_id_key` (`corrected_record_id`),
  KEY `regularisation_requests_employee_id_status_id_idx` (`employee_id`,`status`),
  KEY `regularisation_requests_approver_id_status_id_idx` (`approver_id`,`status`)
) ENGINE=InnoDB AUTO_INCREMENT=21 DEFAULT CHARSET=utf8mb4 COLLATE=utf8mb4_unicode_ci;
/*!40101 SET character_set_client = @saved_cs_client */;

/*!40000 ALTER TABLE `regularisation_requests` DISABLE KEYS */;
INSERT INTO `regularisation_requests` VALUES (1,'R-2026-0001',1,'2026-04-01','2026-04-01 09:00:00.000','2026-04-01 18:00:00.000','Forgot to check in/out — dummy reason #1',1,1,1,NULL,NULL,NULL,NULL,NULL,0,'2026-05-12 13:34:44.340','2026-05-12 13:34:44.340'),(2,'R-2026-0002',2,'2026-04-02','2026-04-02 09:30:00.000','2026-04-02 18:00:00.000','Forgot to check in/out — dummy reason #2',2,1,2,2,'2026-05-12 12:34:44.281',2,NULL,NULL,0,'2026-05-12 13:34:44.340','2026-05-12 13:34:44.340'),(3,'R-2026-0003',3,'2026-04-03','2026-04-03 10:00:00.000','2026-04-03 18:00:00.000','Forgot to check in/out — dummy reason #3',3,1,3,2,'2026-05-12 11:34:44.281',2,'No corroborating evidence.',NULL,0,'2026-05-12 13:34:44.340','2026-05-12 13:34:44.340'),(4,'R-2026-0004',4,'2026-04-04','2026-04-04 09:00:00.000','2026-04-04 18:00:00.000','Forgot to check in/out — dummy reason #4',1,1,4,NULL,NULL,NULL,NULL,NULL,0,'2026-05-12 13:34:44.340','2026-05-12 13:34:44.340'),(5,'R-2026-0005',1,'2026-04-05','2026-04-05 09:30:00.000','2026-04-05 18:00:00.000','Forgot to check in/out — dummy reason #5',2,1,5,2,'2026-05-12 09:34:44.281',2,NULL,NULL,0,'2026-05-12 13:34:44.340','2026-05-12 13:34:44.340'),(6,'R-2026-0006',2,'2026-04-06','2026-04-06 10:00:00.000','2026-04-06 18:00:00.000','Forgot to check in/out — dummy reason #6',3,1,6,2,'2026-05-12 08:34:44.281',2,'No corroborating evidence.',NULL,0,'2026-05-12 13:34:44.340','2026-05-12 13:34:44.340'),(7,'R-2026-0007',3,'2026-04-07','2026-04-07 09:00:00.000','2026-04-07 18:00:00.000','Forgot to check in/out — dummy reason #7',1,1,7,NULL,NULL,NULL,NULL,NULL,0,'2026-05-12 13:34:44.340','2026-05-12 13:34:44.340'),(8,'R-2026-0008',4,'2026-04-08','2026-04-08 09:30:00.000','2026-04-08 18:00:00.000','Forgot to check in/out — dummy reason #8',2,2,8,1,'2026-05-12 06:34:44.281',1,NULL,NULL,0,'2026-05-12 13:34:44.340','2026-05-12 13:34:44.340'),(9,'R-2026-0009',1,'2026-04-09','2026-04-09 10:00:00.000','2026-04-09 18:00:00.000','Forgot to check in/out — dummy reason #9',3,2,9,1,'2026-05-12 05:34:44.281',1,'No corroborating evidence.',NULL,0,'2026-05-12 13:34:44.340','2026-05-12 13:34:44.340'),(10,'R-2026-0010',2,'2026-04-10','2026-04-10 09:00:00.000','2026-04-10 18:00:00.000','Forgot to check in/out — dummy reason #10',1,2,10,NULL,NULL,NULL,NULL,NULL,0,'2026-05-12 13:34:44.340','2026-05-12 13:34:44.340'),(11,'R-2026-0011',3,'2026-04-11','2026-04-11 09:30:00.000','2026-04-11 18:00:00.000','Forgot to check in/out — dummy reason #11',2,2,11,1,'2026-05-12 03:34:44.281',1,NULL,NULL,0,'2026-05-12 13:34:44.340','2026-05-12 13:34:44.340'),(12,'R-2026-0012',4,'2026-04-12','2026-04-12 10:00:00.000','2026-04-12 18:00:00.000','Forgot to check in/out — dummy reason #12',3,2,12,1,'2026-05-12 02:34:44.281',1,'No corroborating evidence.',NULL,0,'2026-05-12 13:34:44.340','2026-05-12 13:34:44.340'),(13,'R-2026-0013',1,'2026-04-13','2026-04-13 09:00:00.000','2026-04-13 18:00:00.000','Forgot to check in/out — dummy reason #13',1,2,13,NULL,NULL,NULL,NULL,NULL,0,'2026-05-12 13:34:44.340','2026-05-12 13:34:44.340'),(14,'R-2026-0014',2,'2026-04-14','2026-04-14 09:30:00.000','2026-04-14 18:00:00.000','Forgot to check in/out — dummy reason #14',2,2,14,1,'2026-05-12 00:34:44.281',1,NULL,NULL,0,'2026-05-12 13:34:44.340','2026-05-12 13:34:44.340'),(15,'R-2026-0015',3,'2026-04-15','2026-04-15 10:00:00.000','2026-04-15 18:00:00.000','Forgot to check in/out — dummy reason #15',3,1,1,2,'2026-05-11 23:34:44.281',2,'No corroborating evidence.',NULL,0,'2026-05-12 13:34:44.340','2026-05-12 13:34:44.340'),(16,'R-2026-0016',4,'2026-04-16','2026-04-16 09:00:00.000','2026-04-16 18:00:00.000','Forgot to check in/out — dummy reason #16',1,1,2,NULL,NULL,NULL,NULL,NULL,0,'2026-05-12 13:34:44.340','2026-05-12 13:34:44.340'),(17,'R-2026-0017',1,'2026-04-17','2026-04-17 09:30:00.000','2026-04-17 18:00:00.000','Forgot to check in/out — dummy reason #17',2,1,3,2,'2026-05-11 21:34:44.281',2,NULL,NULL,0,'2026-05-12 13:34:44.340','2026-05-12 13:34:44.340'),(18,'R-2026-0018',2,'2026-04-18','2026-04-18 10:00:00.000','2026-04-18 18:00:00.000','Forgot to check in/out — dummy reason #18',3,1,4,2,'2026-05-11 20:34:44.281',2,'No corroborating evidence.',NULL,0,'2026-05-12 13:34:44.340','2026-05-12 13:34:44.340'),(19,'R-2026-0019',3,'2026-04-19','2026-04-19 09:00:00.000','2026-04-19 18:00:00.000','Forgot to check in/out — dummy reason #19',1,1,5,NULL,NULL,NULL,NULL,NULL,0,'2026-05-12 13:34:44.340','2026-05-12 13:34:44.340'),(20,'R-2026-0020',4,'2026-04-20','2026-04-20 09:30:00.000','2026-04-20 18:00:00.000','Forgot to check in/out — dummy reason #20',2,1,6,2,'2026-05-11 18:34:44.281',2,NULL,NULL,0,'2026-05-12 13:34:44.340','2026-05-12 13:34:44.340');
/*!40000 ALTER TABLE `regularisation_requests` ENABLE KEYS */;
DROP TABLE IF EXISTS `reporting_manager_history`;
/*!40101 SET @saved_cs_client     = @@character_set_client */;
/*!50503 SET character_set_client = utf8mb4 */;
CREATE TABLE `reporting_manager_history` (
  `id` int NOT NULL AUTO_INCREMENT,
  `employee_id` int NOT NULL,
  `manager_id` int DEFAULT NULL,
  `from_date` date NOT NULL,
  `to_date` date DEFAULT NULL,
  `reason_id` int NOT NULL COMMENT '§3.8 1=Initial, 2=Reassigned, 3=Exited',
  `created_at` datetime(3) NOT NULL DEFAULT CURRENT_TIMESTAMP(3),
  PRIMARY KEY (`id`),
  KEY `reporting_manager_history_employee_id_from_date_idx` (`employee_id`,`from_date` DESC),
  KEY `reporting_manager_history_manager_id_to_date_idx` (`manager_id`,`to_date`)
) ENGINE=InnoDB AUTO_INCREMENT=5 DEFAULT CHARSET=utf8mb4 COLLATE=utf8mb4_unicode_ci;
/*!40101 SET character_set_client = @saved_cs_client */;

/*!40000 ALTER TABLE `reporting_manager_history` DISABLE KEYS */;
INSERT INTO `reporting_manager_history` VALUES (1,1,NULL,'2024-02-01',NULL,1,'2026-05-12 13:08:26.310'),(2,2,1,'2024-02-01',NULL,1,'2026-05-12 13:08:26.328'),(3,3,2,'2024-02-01',NULL,1,'2026-05-12 13:08:26.342'),(4,4,1,'2024-02-01',NULL,1,'2026-05-12 13:08:26.357');
/*!40000 ALTER TABLE `reporting_manager_history` ENABLE KEYS */;
DROP TABLE IF EXISTS `roles`;
/*!40101 SET @saved_cs_client     = @@character_set_client */;
/*!50503 SET character_set_client = utf8mb4 */;
CREATE TABLE `roles` (
  `id` int NOT NULL AUTO_INCREMENT,
  `name` varchar(191) COLLATE utf8mb4_unicode_ci NOT NULL,
  `status` int NOT NULL DEFAULT '1' COMMENT '1=Active, 2=Deprecated',
  `created_at` datetime(3) NOT NULL DEFAULT CURRENT_TIMESTAMP(3),
  `updated_at` datetime(3) NOT NULL,
  PRIMARY KEY (`id`),
  UNIQUE KEY `roles_name_key` (`name`)
) ENGINE=InnoDB AUTO_INCREMENT=5 DEFAULT CHARSET=utf8mb4 COLLATE=utf8mb4_unicode_ci;
/*!40101 SET character_set_client = @saved_cs_client */;

/*!40000 ALTER TABLE `roles` DISABLE KEYS */;
INSERT INTO `roles` VALUES (1,'Employee',1,'2026-05-12 13:08:25.892','2026-05-12 18:01:55.844'),(2,'Manager',1,'2026-05-12 13:08:25.897','2026-05-12 18:01:55.853'),(3,'PayrollOfficer',1,'2026-05-12 13:08:25.900','2026-05-12 18:01:55.857'),(4,'Admin',1,'2026-05-12 13:08:25.905','2026-05-12 18:01:55.863');
/*!40000 ALTER TABLE `roles` ENABLE KEYS */;
DROP TABLE IF EXISTS `salary_structures`;
/*!40101 SET @saved_cs_client     = @@character_set_client */;
/*!50503 SET character_set_client = utf8mb4 */;
CREATE TABLE `salary_structures` (
  `id` int NOT NULL AUTO_INCREMENT,
  `employee_id` int NOT NULL,
  `basic_paise` int NOT NULL,
  `allowances_paise` int NOT NULL,
  `effective_from` date NOT NULL,
  `created_at` datetime(3) NOT NULL DEFAULT CURRENT_TIMESTAMP(3),
  `version` int NOT NULL DEFAULT '0',
  `hra_paise` int DEFAULT NULL,
  `transport_paise` int DEFAULT NULL,
  `other_paise` int DEFAULT NULL,
  `da_paise` int DEFAULT NULL,
  PRIMARY KEY (`id`),
  KEY `salary_structures_employee_id_effective_from_idx` (`employee_id`,`effective_from` DESC)
) ENGINE=InnoDB AUTO_INCREMENT=5 DEFAULT CHARSET=utf8mb4 COLLATE=utf8mb4_unicode_ci;
/*!40101 SET character_set_client = @saved_cs_client */;

/*!40000 ALTER TABLE `salary_structures` DISABLE KEYS */;
INSERT INTO `salary_structures` VALUES (1,1,0,0,'2024-02-01','2026-05-12 13:08:26.305',0,NULL,NULL,NULL,NULL),(2,2,0,0,'2024-02-01','2026-05-12 13:08:26.323',0,NULL,NULL,NULL,NULL),(3,3,0,0,'2024-02-01','2026-05-12 13:08:26.337',0,NULL,NULL,NULL,NULL),(4,4,0,0,'2024-02-01','2026-05-12 13:08:26.353',0,NULL,NULL,NULL,NULL);
/*!40000 ALTER TABLE `salary_structures` ENABLE KEYS */;
DROP TABLE IF EXISTS `sessions`;
/*!40101 SET @saved_cs_client     = @@character_set_client */;
/*!50503 SET character_set_client = utf8mb4 */;
CREATE TABLE `sessions` (
  `id` int NOT NULL AUTO_INCREMENT,
  `token` varchar(191) COLLATE utf8mb4_unicode_ci NOT NULL,
  `employee_id` int NOT NULL,
  `ip` varchar(191) COLLATE utf8mb4_unicode_ci DEFAULT NULL,
  `user_agent` text COLLATE utf8mb4_unicode_ci,
  `expires_at` datetime(3) NOT NULL,
  `created_at` datetime(3) NOT NULL DEFAULT CURRENT_TIMESTAMP(3),
  PRIMARY KEY (`id`),
  UNIQUE KEY `sessions_token_key` (`token`),
  KEY `sessions_employee_id_idx` (`employee_id`),
  KEY `sessions_expires_at_idx` (`expires_at`)
) ENGINE=InnoDB AUTO_INCREMENT=28 DEFAULT CHARSET=utf8mb4 COLLATE=utf8mb4_unicode_ci;
/*!40101 SET character_set_client = @saved_cs_client */;

/*!40000 ALTER TABLE `sessions` DISABLE KEYS */;
INSERT INTO `sessions` VALUES (1,'a477baf715f85713e4c65766142f1b5438dc32d2caf06d890ae7bf99c814de25',1,'10.0.0.0','Mozilla/5.0 (X11; Linux x86_64) NexoraSeed/1.0','2026-06-11 13:34:44.281','2026-05-12 13:34:44.283'),(2,'fe3527aabfa5cba2eadf9ff8191f1354aece5459691a8f461029d21f574ae03f',2,'10.0.0.1','Mozilla/5.0 (X11; Linux x86_64) NexoraSeed/1.0','2026-06-10 13:34:44.281','2026-05-12 13:34:44.283'),(3,'cf9abd3879a97b9f413918de0d1054bbcbeb028cdeddc7b3a01fbee3cf754ad0',3,'10.0.0.2','Mozilla/5.0 (X11; Linux x86_64) NexoraSeed/1.0','2026-06-09 13:34:44.281','2026-05-12 13:34:44.283'),(4,'8ff22b0775421b4f7e0bba95ac2736b070fac2b7239757e4dcb5170ee07b72dc',4,'10.0.0.3','Mozilla/5.0 (X11; Linux x86_64) NexoraSeed/1.0','2026-06-08 13:34:44.281','2026-05-12 13:34:44.283'),(5,'ccbe2504a51ed0828a8f4313ca9edcebd0cd323e6b03402d3e1b542f05a1bcc5',1,'10.0.0.4','Mozilla/5.0 (X11; Linux x86_64) NexoraSeed/1.0','2026-06-07 13:34:44.281','2026-05-12 13:34:44.283'),(6,'214db183890e05262a5de5b5466ca9a8a1c490833d252f2e378877bf4899b4c2',2,'10.0.0.5','Mozilla/5.0 (X11; Linux x86_64) NexoraSeed/1.0','2026-06-06 13:34:44.281','2026-05-12 13:34:44.283'),(7,'7f8f0fe2011e51a17250d207bbdc8f7e192a8192e34c0af35ff07545ff82ffb6',3,'10.0.0.6','Mozilla/5.0 (X11; Linux x86_64) NexoraSeed/1.0','2026-06-05 13:34:44.281','2026-05-12 13:34:44.283'),(8,'a0c2836b444484c3515ea8c919fbaee9b65023cc2ea1d39e6ddd2dc04fe8b710',4,'10.0.0.7','Mozilla/5.0 (X11; Linux x86_64) NexoraSeed/1.0','2026-06-04 13:34:44.281','2026-05-12 13:34:44.283'),(9,'669f76873dcf95686c23857de104afa2eebe2b98e093376248f7405849baeac3',1,'10.0.0.8','Mozilla/5.0 (X11; Linux x86_64) NexoraSeed/1.0','2026-06-03 13:34:44.281','2026-05-12 13:34:44.283'),(10,'239f649b48379088b744bac53fc5f1a960dcac31196a20f86c78b07f1f9184be',2,'10.0.0.9','Mozilla/5.0 (X11; Linux x86_64) NexoraSeed/1.0','2026-06-02 13:34:44.281','2026-05-12 13:34:44.283'),(11,'931c0d3fd365aed4fe603ea9996cf7881c165409ca244a98c7cd36f6d6fb458c',3,'10.0.0.10','Mozilla/5.0 (X11; Linux x86_64) NexoraSeed/1.0','2026-06-01 13:34:44.281','2026-05-12 13:34:44.283'),(12,'b146acad9d02204fac562fba82769c8547a9b3fc4bcd5e544ae53441afe0fc66',4,'10.0.0.11','Mozilla/5.0 (X11; Linux x86_64) NexoraSeed/1.0','2026-05-31 13:34:44.281','2026-05-12 13:34:44.283'),(13,'c53dc7c887de6ff57c4b57ad5d4a7639a7f85411b29d4f032043d44553d22d06',1,'10.0.0.12','Mozilla/5.0 (X11; Linux x86_64) NexoraSeed/1.0','2026-05-30 13:34:44.281','2026-05-12 13:34:44.283'),(14,'3cd18a7015dea56ebf925bd28f5589cb242857890dd06860df47ebc3b8a42496',2,'10.0.0.13','Mozilla/5.0 (X11; Linux x86_64) NexoraSeed/1.0','2026-05-29 13:34:44.281','2026-05-12 13:34:44.283'),(15,'f44b67fbe7ceb2f4838b8be3377f56e3a489af6b85b370a86afca6e18eb2e802',3,'10.0.0.14','Mozilla/5.0 (X11; Linux x86_64) NexoraSeed/1.0','2026-05-28 13:34:44.281','2026-05-12 13:34:44.283'),(16,'9ca651daff9de2bcbf86c6b5eab8deed5f45d33272fa2fb5eac99711a3583fa2',4,'10.0.0.15','Mozilla/5.0 (X11; Linux x86_64) NexoraSeed/1.0','2026-05-27 13:34:44.281','2026-05-12 13:34:44.283'),(17,'eb8346f510b24b2c9f1c47f7b9832a70bd8e99a69cc36f0eaf6049774071c69b',1,'10.0.0.16','Mozilla/5.0 (X11; Linux x86_64) NexoraSeed/1.0','2026-05-26 13:34:44.281','2026-05-12 13:34:44.283'),(18,'6a3ce3366ba76c65eb0f31f5462f7bce33d8e16e8c832c85b3e0825889875f27',2,'10.0.0.17','Mozilla/5.0 (X11; Linux x86_64) NexoraSeed/1.0','2026-05-25 13:34:44.281','2026-05-12 13:34:44.283'),(19,'bf71cdbebde8f7ad066c81c61d37ba1d25aa8d3fd92aaef0f2324a86da4fb353',3,'10.0.0.18','Mozilla/5.0 (X11; Linux x86_64) NexoraSeed/1.0','2026-05-24 13:34:44.281','2026-05-12 13:34:44.283'),(20,'f04667aab10e2c4084d7a4827e535e29236b3925fa146f688f3779820f93a459',4,'10.0.0.19','Mozilla/5.0 (X11; Linux x86_64) NexoraSeed/1.0','2026-05-23 13:34:44.281','2026-05-12 13:34:44.283'),(21,'f405a4084f6bdc2cc7f07992253666a334a4ed1dfafd4d5f77c6ea0efb829fb7',1,'::ffff:127.0.0.1','curl/7.81.0','2026-05-13 06:03:23.196','2026-05-12 18:03:23.145'),(23,'73abcd3cf9ed172d3065d243540f874af34ee0f9403530cd9c8817e7610f72f4',2,'::1','Mozilla/5.0 (X11; Linux x86_64) AppleWebKit/537.36 (KHTML, like Gecko) Chrome/146.0.0.0 Safari/537.36','2026-05-13 08:53:44.685','2026-05-12 20:42:45.428'),(24,'9dffeb66db164034da9a6503144de887d8df32bd2e3a6bc2ed4fd1023989f0b3',1,'::ffff:127.0.0.1','curl/7.81.0','2026-05-13 08:58:24.251','2026-05-12 20:57:02.022'),(25,'66b237d5214a089cf161b4c3a0aa852bfac1fa55e77a538d9e9882b3a964fadf',2,'::ffff:127.0.0.1','curl/7.81.0','2026-05-13 08:58:13.079','2026-05-12 20:57:02.122'),(26,'f5465cf527efde39944be81160c507705e0bd738644582fd31eebc86587c0d8f',3,'::ffff:127.0.0.1','curl/7.81.0','2026-05-13 08:58:14.608','2026-05-12 20:57:02.201'),(27,'4ab56e4dfe7627b0ea7ac2f13177159adbd436ac04aa0efe3349f0d9d90c08db',4,'::ffff:127.0.0.1','curl/7.81.0','2026-05-13 08:58:16.157','2026-05-12 20:57:02.284');
/*!40000 ALTER TABLE `sessions` ENABLE KEYS */;
/*!40103 SET TIME_ZONE=@OLD_TIME_ZONE */;

/*!40101 SET SQL_MODE=@OLD_SQL_MODE */;
/*!40014 SET FOREIGN_KEY_CHECKS=@OLD_FOREIGN_KEY_CHECKS */;
/*!40014 SET UNIQUE_CHECKS=@OLD_UNIQUE_CHECKS */;
/*!40101 SET CHARACTER_SET_CLIENT=@OLD_CHARACTER_SET_CLIENT */;
/*!40101 SET CHARACTER_SET_RESULTS=@OLD_CHARACTER_SET_RESULTS */;
/*!40101 SET COLLATION_CONNECTION=@OLD_COLLATION_CONNECTION */;
/*!40111 SET SQL_NOTES=@OLD_SQL_NOTES */;

